timestamp,symbol,price,return,earnings_revision_pct,earnings_surprise_pct,revenue_growth_yoy,eps_growth_yoy,free_cash_flow_yield,valuation_percentile,debt_to_ebitda,interest_coverage,alpha_score,expected_return,information_coefficient,rank_ic,weight_error_bps,target_actual_weight_gap_bps,fundamental_age_days,as_of_lag_days,revision_lag_days
2025-08-15T15:30:00,AAPL,98.3799,0.002577,0.65,2.1,11.4,13.7,4.6,0.52,1.35,9.1,0.72,1.45,0.075,0.092,8.0,11.0,1.1,0.45,0.3
2025-08-15T15:35:00,MSFT,98.441,0.000623,0.674,2.124,11.424,13.724,4.608,0.521,1.356,9.124,0.722,1.458,0.075,0.092,8.1,11.12,1.12,0.46,0.31
2025-08-15T15:40:00,NVDA,98.5358,0.000967,0.698,2.148,11.448,13.748,4.616,0.522,1.362,9.148,0.725,1.466,0.075,0.092,8.19,11.24,1.15,0.47,0.32
2025-08-15T15:45:00,JPM,98.4522,-0.000841,0.722,2.172,11.472,13.772,4.624,0.524,1.368,9.172,0.727,1.474,0.076,0.093,8.29,11.36,1.17,0.49,0.32
2025-08-15T15:50:00,XOM,98.5736,0.001242,0.745,2.195,11.495,13.795,4.632,0.525,1.374,9.195,0.729,1.482,0.076,0.093,8.38,11.47,1.19,0.5,0.33
2025-08-15T15:55:00,AAPL,98.716,0.001456,0.766,2.216,11.516,13.816,4.639,0.526,1.379,9.216,0.732,1.489,0.076,0.093,8.46,11.58,1.22,0.51,0.34
2025-08-15T16:00:00,MSFT,98.9254,0.002134,0.786,2.236,11.536,13.836,4.645,0.527,1.384,9.236,0.734,1.495,0.076,0.093,8.54,11.68,1.24,0.52,0.35
2025-08-15T16:05:00,NVDA,98.9566,0.000332,0.804,2.254,11.554,13.854,4.651,0.528,1.389,9.254,0.735,1.501,0.077,0.094,8.62,11.77,1.25,0.53,0.35
2025-08-15T16:10:00,JPM,98.8696,-0.000862,0.821,2.271,11.571,13.871,4.657,0.529,1.393,9.271,0.737,1.507,0.077,0.094,8.68,11.85,1.27,0.54,0.36
2025-08-15T16:15:00,XOM,98.8439,-0.000242,0.835,2.285,11.585,13.885,4.662,0.529,1.396,9.285,0.739,1.512,0.077,0.094,8.74,11.93,1.29,0.54,0.36
2025-08-15T16:20:00,AAPL,99.0151,0.001752,0.847,2.297,11.597,13.897,4.666,0.53,1.399,9.297,0.74,1.516,0.077,0.094,8.79,11.99,1.3,0.55,0.37
2025-08-15T16:25:00,MSFT,99.2262,0.002152,0.857,2.307,11.607,13.907,4.669,0.53,1.402,9.307,0.741,1.519,0.077,0.094,8.83,12.03,1.31,0.55,0.37
2025-08-15T16:30:00,NVDA,99.165,-0.000595,0.864,2.314,11.614,13.914,4.671,0.531,1.403,9.314,0.741,1.521,0.077,0.094,8.86,12.07,1.31,0.56,0.37
2025-08-15T16:35:00,JPM,99.2771,0.001153,0.868,2.318,11.618,13.918,4.673,0.531,1.405,9.318,0.742,1.523,0.077,0.094,8.87,12.09,1.32,0.56,0.37
2025-08-15T16:40:00,XOM,99.4071,0.001332,0.87,2.32,11.62,13.92,4.673,0.531,1.405,9.32,0.742,1.523,0.077,0.094,8.88,12.1,1.32,0.56,0.37
2025-08-15T16:45:00,AAPL,99.3818,-0.000233,0.869,2.319,11.619,13.919,4.673,0.531,1.405,9.319,0.742,1.523,0.077,0.094,8.88,12.09,1.32,0.56,0.37
2025-08-15T16:50:00,MSFT,99.4028,0.000232,0.865,2.315,11.615,13.915,4.672,0.531,1.404,9.315,0.742,1.522,0.077,0.094,8.86,12.08,1.32,0.56,0.37
2025-08-15T16:55:00,NVDA,99.3159,-0.000853,0.859,2.309,11.609,13.909,4.67,0.53,1.402,9.309,0.741,1.52,0.077,0.094,8.84,12.04,1.31,0.55,0.37
2025-08-15T17:00:00,JPM,99.3356,0.000218,0.85,2.3,11.6,13.9,4.667,0.53,1.4,9.3,0.74,1.517,0.077,0.094,8.8,12.0,1.3,0.55,0.37
2025-08-15T17:05:00,XOM,99.2428,-0.000915,0.839,2.289,11.589,13.889,4.663,0.529,1.397,9.289,0.739,1.513,0.077,0.094,8.75,11.94,1.29,0.54,0.36
2025-08-15T17:10:00,AAPL,99.3054,0.000649,0.825,2.275,11.575,13.875,4.658,0.529,1.394,9.275,0.737,1.508,0.077,0.094,8.7,11.87,1.27,0.54,0.36
2025-08-15T17:15:00,MSFT,99.1602,-0.001447,0.809,2.259,11.559,13.859,4.653,0.528,1.39,9.259,0.736,1.503,0.077,0.094,8.64,11.8,1.26,0.53,0.35
2025-08-15T17:20:00,NVDA,99.1724,0.000137,0.791,2.241,11.541,13.841,4.647,0.527,1.385,9.241,0.734,1.497,0.076,0.093,8.56,11.71,1.24,0.52,0.35
2025-08-15T17:25:00,JPM,99.2234,0.000526,0.772,2.222,11.522,13.822,4.641,0.526,1.38,9.222,0.732,1.491,0.076,0.093,8.49,11.61,1.22,0.51,0.34
2025-08-15T17:30:00,XOM,99.2528,0.000306,0.751,2.201,11.501,13.801,4.634,0.525,1.375,9.201,0.73,1.484,0.076,0.093,8.4,11.5,1.2,0.5,0.33
2025-08-15T17:35:00,AAPL,99.1429,-0.001099,0.728,2.178,11.478,13.778,4.626,0.524,1.37,9.178,0.728,1.476,0.076,0.093,8.31,11.39,1.18,0.49,0.33
2025-08-15T17:40:00,MSFT,99.1137,-0.00029,0.705,2.155,11.455,13.755,4.618,0.523,1.364,9.155,0.726,1.468,0.076,0.093,8.22,11.28,1.16,0.48,0.32
2025-08-15T17:45:00,NVDA,99.0532,-0.000607,0.681,2.131,11.431,13.731,4.61,0.522,1.358,9.131,0.723,1.46,0.075,0.092,8.12,11.16,1.13,0.47,0.31
2025-08-15T17:50:00,JPM,98.925,-0.001293,0.657,2.107,11.407,13.707,4.602,0.52,1.352,9.107,0.721,1.452,0.075,0.092,8.03,11.03,1.11,0.45,0.3
2025-08-15T17:55:00,XOM,98.833,-0.000932,0.632,2.082,11.382,13.682,4.594,0.519,1.346,9.082,0.718,1.444,0.075,0.092,8.07,11.09,1.12,0.46,0.31
2025-08-15T18:00:00,AAPL,98.6928,-0.001423,0.608,2.058,11.358,13.658,4.586,0.518,1.34,9.058,0.716,1.436,0.075,0.092,8.17,11.21,1.14,0.47,0.31
2025-08-15T18:05:00,MSFT,98.5822,-0.001127,0.584,2.034,11.334,13.634,4.578,0.517,1.334,9.034,0.713,1.428,0.074,0.091,8.26,11.33,1.17,0.48,0.32
2025-08-15T18:10:00,NVDA,98.3021,-0.00285,0.562,2.012,11.312,13.612,4.571,0.516,1.328,9.012,0.711,1.421,0.074,0.091,8.35,11.44,1.19,0.49,0.33
2025-08-15T18:15:00,JPM,98.6153,0.003175,0.54,1.99,11.29,13.59,4.563,0.514,1.322,8.99,0.709,1.413,0.074,0.091,8.44,11.55,1.21,0.51,0.34
2025-08-15T18:20:00,XOM,98.3455,-0.002749,0.519,1.969,11.269,13.569,4.556,0.513,1.317,8.969,0.707,1.406,0.074,0.091,8.52,11.65,1.23,0.52,0.34
2025-08-15T18:25:00,AAPL,98.3949,0.000487,0.5,1.95,11.25,13.55,4.55,0.513,1.313,8.95,0.705,1.4,0.074,0.091,8.6,11.75,1.25,0.52,0.35
2025-08-15T18:30:00,MSFT,98.3462,-0.000511,0.484,1.934,11.234,13.534,4.545,0.512,1.308,8.934,0.703,1.395,0.073,0.09,8.67,11.83,1.27,0.53,0.36
2025-08-15T18:35:00,NVDA,98.0608,-0.00292,0.469,1.919,11.219,13.519,4.54,0.511,1.305,8.919,0.702,1.39,0.073,0.09,8.73,11.91,1.28,0.54,0.36
2025-08-15T18:40:00,JPM,98.0981,0.000361,0.456,1.906,11.206,13.506,4.535,0.51,1.301,8.906,0.701,1.385,0.073,0.09,8.78,11.97,1.29,0.55,0.36
2025-08-15T18:45:00,XOM,98.0715,-0.000292,0.446,1.896,11.196,13.496,4.532,0.51,1.299,8.896,0.7,1.382,0.073,0.09,8.82,12.02,1.3,0.55,0.37
2025-08-15T18:50:00,AAPL,98.0597,-0.000142,0.438,1.888,11.188,13.488,4.529,0.509,1.297,8.888,0.699,1.379,0.073,0.09,8.85,12.06,1.31,0.56,0.37
2025-08-15T18:55:00,MSFT,97.8802,-0.001852,0.433,1.883,11.183,13.483,4.528,0.509,1.296,8.883,0.698,1.378,0.073,0.09,8.87,12.09,1.32,0.56,0.37
2025-08-15T19:00:00,NVDA,97.918,0.000365,0.43,1.88,11.18,13.48,4.527,0.509,1.295,8.88,0.698,1.377,0.073,0.09,8.88,12.1,1.32,0.56,0.37
2025-08-15T19:05:00,JPM,97.8121,-0.001104,0.43,1.88,11.18,13.48,4.527,0.509,1.295,8.88,0.698,1.377,0.073,0.09,8.88,12.1,1.32,0.56,0.37
2025-08-15T19:10:00,XOM,97.6719,-0.001455,0.433,1.883,11.183,13.483,4.528,0.509,1.296,8.883,0.698,1.378,0.073,0.09,8.87,12.08,1.32,0.56,0.37
2025-08-15T19:15:00,AAPL,97.5959,-0.0008,0.439,1.889,11.189,13.489,4.53,0.509,1.297,8.889,0.699,1.38,0.073,0.09,8.84,12.05,1.31,0.56,0.37
2025-08-15T19:20:00,MSFT,97.4763,-0.001245,0.447,1.897,11.197,13.497,4.532,0.51,1.299,8.897,0.7,1.382,0.073,0.09,8.81,12.01,1.3,0.55,0.37
2025-08-15T19:25:00,NVDA,97.2838,-0.001995,0.458,1.908,11.208,13.508,4.536,0.51,1.302,8.908,0.701,1.386,0.073,0.09,8.77,11.96,1.29,0.55,0.36
2025-08-15T19:30:00,JPM,97.1555,-0.001336,0.471,1.921,11.221,13.521,4.54,0.511,1.305,8.921,0.702,1.39,0.073,0.09,8.72,11.89,1.28,0.54,0.36
2025-08-15T19:35:00,XOM,97.3185,0.001662,0.486,1.936,11.236,13.536,4.545,0.512,1.309,8.936,0.704,1.395,0.073,0.09,8.65,11.82,1.26,0.53,0.35
2025-08-15T19:40:00,AAPL,97.583,0.002702,0.504,1.954,11.254,13.554,4.551,0.513,1.313,8.954,0.705,1.401,0.074,0.091,8.59,11.73,1.25,0.52,0.35
2025-08-15T19:45:00,MSFT,97.2866,-0.00305,0.523,1.973,11.273,13.573,4.558,0.514,1.318,8.973,0.707,1.408,0.074,0.091,8.51,11.64,1.23,0.51,0.34
2025-08-15T19:50:00,NVDA,97.114,-0.001785,0.543,1.993,11.293,13.593,4.564,0.515,1.323,8.993,0.709,1.414,0.074,0.091,8.43,11.53,1.21,0.5,0.34
2025-08-15T19:55:00,JPM,97.0827,-0.000331,0.565,2.015,11.315,13.615,4.572,0.516,1.329,9.015,0.712,1.422,0.074,0.091,8.34,11.42,1.18,0.49,0.33
2025-08-15T20:00:00,XOM,96.9931,-0.000929,0.589,2.039,11.339,13.639,4.58,0.517,1.335,9.039,0.714,1.43,0.074,0.091,8.25,11.31,1.16,0.48,0.32
2025-08-15T20:05:00,AAPL,97.0813,0.000905,0.612,2.062,11.362,13.662,4.587,0.518,1.341,9.062,0.716,1.437,0.075,0.092,8.15,11.19,1.14,0.47,0.31
2025-08-15T20:10:00,MSFT,96.9801,-0.001043,0.637,2.087,11.387,13.687,4.596,0.519,1.347,9.087,0.719,1.446,0.075,0.092,8.05,11.07,1.11,0.46,0.3
2025-08-15T20:15:00,NVDA,97.2006,0.002274,0.661,2.111,11.411,13.711,4.604,0.521,1.353,9.111,0.721,1.454,0.075,0.092,8.04,11.06,1.11,0.46,0.3
2025-08-15T20:20:00,JPM,97.4145,0.002204,0.685,2.135,11.435,13.735,4.612,0.522,1.359,9.135,0.724,1.462,0.075,0.092,8.14,11.18,1.14,0.47,0.31
2025-08-15T20:25:00,XOM,97.3926,-0.000219,0.709,2.159,11.459,13.759,4.62,0.523,1.365,9.159,0.726,1.47,0.076,0.093,8.24,11.3,1.16,0.48,0.32
2025-08-15T20:30:00,AAPL,97.4036,0.000121,0.732,2.182,11.482,13.782,4.627,0.524,1.371,9.182,0.728,1.477,0.076,0.093,8.33,11.41,1.18,0.49,0.33
2025-08-15T20:35:00,MSFT,97.383,-0.000201,0.754,2.204,11.504,13.804,4.635,0.525,1.376,9.204,0.73,1.485,0.076,0.093,8.42,11.52,1.2,0.5,0.33
2025-08-15T20:40:00,NVDA,97.5121,0.001339,0.775,2.225,11.525,13.825,4.642,0.526,1.381,9.225,0.733,1.492,0.076,0.093,8.5,11.63,1.23,0.51,0.34
2025-08-15T20:45:00,JPM,97.337,-0.001781,0.795,2.245,11.545,13.845,4.648,0.527,1.386,9.245,0.734,1.498,0.076,0.093,8.58,11.72,1.24,0.52,0.35
2025-08-15T20:50:00,XOM,97.249,-0.000888,0.812,2.262,11.562,13.862,4.654,0.528,1.391,9.262,0.736,1.504,0.077,0.094,8.65,11.81,1.26,0.53,0.35
2025-08-15T20:55:00,AAPL,97.3704,0.001266,0.828,2.278,11.578,13.878,4.659,0.529,1.394,9.278,0.738,1.509,0.077,0.094,8.71,11.89,1.28,0.54,0.36
2025-08-15T21:00:00,MSFT,97.2284,-0.001439,0.841,2.291,11.591,13.891,4.664,0.53,1.398,9.291,0.739,1.514,0.077,0.094,8.76,11.95,1.29,0.55,0.36
2025-08-15T21:05:00,NVDA,97.3116,0.000875,0.852,2.302,11.602,13.902,4.667,0.53,1.4,9.302,0.74,1.517,0.077,0.094,8.81,12.01,1.3,0.55,0.37
2025-08-15T21:10:00,JPM,97.1393,-0.001749,0.86,2.31,11.61,13.91,4.67,0.531,1.403,9.31,0.741,1.52,0.077,0.094,8.84,12.05,1.31,0.56,0.37
2025-08-15T21:15:00,XOM,96.9359,-0.002072,0.866,2.316,11.616,13.916,4.672,0.531,1.404,9.316,0.742,1.522,0.077,0.094,8.86,12.08,1.32,0.56,0.37
2025-08-15T21:20:00,AAPL,96.9753,0.000429,0.869,2.319,11.619,13.919,4.673,0.531,1.405,9.319,0.742,1.523,0.077,0.094,8.88,12.1,1.32,0.56,0.37
2025-08-15T21:25:00,MSFT,96.7939,-0.001849,0.87,2.32,11.62,13.92,4.673,0.531,1.405,9.32,0.742,1.523,0.077,0.094,8.88,12.1,1.32,0.56,0.37
2025-08-15T21:30:00,NVDA,97.1603,0.003807,0.868,2.318,11.618,13.918,4.673,0.531,1.404,9.318,0.742,1.523,0.077,0.094,8.87,12.09,1.32,0.56,0.37
2025-08-15T21:35:00,JPM,97.0596,-0.001015,0.863,2.313,11.613,13.913,4.671,0.531,1.403,9.313,0.741,1.521,0.077,0.094,8.85,12.06,1.31,0.56,0.37
2025-08-15T21:40:00,XOM,96.9615,-0.00099,0.855,2.305,11.605,13.905,4.668,0.53,1.401,9.305,0.741,1.518,0.077,0.094,8.82,12.03,1.31,0.55,0.37
2025-08-15T21:45:00,AAPL,97.5338,0.005922,0.845,2.295,11.595,13.895,4.665,0.53,1.399,9.295,0.74,1.515,0.077,0.094,8.78,11.98,1.3,0.55,0.37
2025-08-15T21:50:00,MSFT,97.1976,-0.003429,0.833,2.283,11.583,13.883,4.661,0.529,1.396,9.283,0.738,1.511,0.077,0.094,8.73,11.91,1.28,0.54,0.36
2025-08-15T21:55:00,NVDA,97.282,0.000885,0.818,2.268,11.568,13.868,4.656,0.528,1.392,9.268,0.737,1.506,0.077,0.094,8.67,11.84,1.27,0.53,0.36
2025-08-15T22:00:00,JPM,97.1077,-0.001776,0.801,2.251,11.551,13.851,4.65,0.528,1.388,9.251,0.735,1.5,0.077,0.094,8.61,11.76,1.25,0.53,0.35
2025-08-15T22:05:00,XOM,97.0861,-0.000209,0.783,2.233,11.533,13.833,4.644,0.527,1.383,9.233,0.733,1.494,0.076,0.093,8.53,11.66,1.23,0.52,0.34
2025-08-15T22:10:00,AAPL,97.4233,0.003484,0.762,2.212,11.512,13.812,4.637,0.526,1.378,9.212,0.731,1.487,0.076,0.093,8.45,11.56,1.21,0.51,0.34
2025-08-15T22:15:00,MSFT,97.8059,0.003937,0.741,2.191,11.491,13.791,4.63,0.525,1.373,9.191,0.729,1.48,0.076,0.093,8.36,11.45,1.19,0.5,0.33
2025-08-15T22:20:00,NVDA,97.5958,-0.002141,0.718,2.168,11.468,13.768,4.623,0.523,1.367,9.168,0.727,1.473,0.076,0.093,8.27,11.34,1.17,0.48,0.32
2025-08-15T22:25:00,JPM,97.737,0.001451,0.694,2.144,11.444,13.744,4.615,0.522,1.361,9.144,0.724,1.465,0.075,0.092,8.18,11.22,1.14,0.47,0.31
2025-08-15T22:30:00,XOM,98.1201,0.003921,0.67,2.12,11.42,13.72,4.607,0.521,1.355,9.12,0.722,1.457,0.075,0.092,8.08,11.1,1.12,0.46,0.31
2025-08-15T22:35:00,AAPL,98.0316,-0.000903,0.646,2.096,11.396,13.696,4.599,0.52,1.349,9.096,0.72,1.449,0.075,0.092,8.02,11.02,1.1,0.45,0.3
2025-08-15T22:40:00,MSFT,97.6851,-0.003537,0.621,2.071,11.371,13.671,4.59,0.519,1.343,9.071,0.717,1.44,0.075,0.092,8.11,11.14,1.13,0.46,0.31
2025-08-15T22:45:00,NVDA,97.0137,-0.006879,0.597,2.047,11.347,13.647,4.582,0.517,1.337,9.047,0.715,1.432,0.074,0.091,8.21,11.26,1.15,0.48,0.32
2025-08-15T22:50:00,JPM,96.4116,-0.006213,0.574,2.024,11.324,13.624,4.575,0.516,1.331,9.024,0.712,1.425,0.074,0.091,8.3,11.38,1.18,0.49,0.33
2025-08-15T22:55:00,XOM,96.5849,0.001787,0.552,2.002,11.302,13.602,4.567,0.515,1.325,9.002,0.71,1.417,0.074,0.091,8.39,11.49,1.2,0.5,0.33
2025-08-15T23:00:00,AAPL,96.7261,0.00145,0.53,1.98,11.28,13.58,4.56,0.514,1.32,8.98,0.708,1.41,0.074,0.091,8.48,11.6,1.22,0.51,0.34
2025-08-15T23:05:00,MSFT,96.4375,-0.002998,0.511,1.961,11.261,13.561,4.554,0.513,1.315,8.961,0.706,1.404,0.074,0.091,8.56,11.7,1.24,0.52,0.35
2025-08-15T23:10:00,NVDA,96.6216,0.001894,0.493,1.943,11.243,13.543,4.548,0.512,1.311,8.943,0.704,1.398,0.073,0.09,8.63,11.79,1.26,0.53,0.35
2025-08-15T23:15:00,JPM,96.6876,0.000665,0.477,1.927,11.227,13.527,4.542,0.511,1.307,8.927,0.703,1.392,0.073,0.09,8.69,11.87,1.27,0.54,0.36
2025-08-15T23:20:00,XOM,96.5224,-0.001727,0.463,1.913,11.213,13.513,4.538,0.511,1.303,8.913,0.701,1.388,0.073,0.09,8.75,11.94,1.29,0.54,0.36
2025-08-15T23:25:00,AAPL,96.3379,-0.001931,0.451,1.901,11.201,13.501,4.534,0.51,1.3,8.901,0.7,1.384,0.073,0.09,8.8,12.0,1.3,0.55,0.37
2025-08-15T23:30:00,MSFT,96.4727,0.001378,0.442,1.892,11.192,13.492,4.531,0.51,1.298,8.892,0.699,1.381,0.073,0.09,8.83,12.04,1.31,0.55,0.37
2025-08-15T23:35:00,NVDA,96.6271,0.001579,0.435,1.885,11.185,13.485,4.528,0.509,1.296,8.885,0.699,1.378,0.073,0.09,8.86,12.07,1.31,0.56,0.37
2025-08-15T23:40:00,JPM,96.2444,-0.003982,0.431,1.881,11.181,13.481,4.527,0.509,1.295,8.881,0.698,1.377,0.073,0.09,8.87,12.09,1.32,0.56,0.37
2025-08-15T23:45:00,XOM,95.661,-0.006084,0.43,1.88,11.18,13.48,4.527,0.509,1.295,8.88,0.698,1.377,0.073,0.09,8.88,12.1,1.32,0.56,0.37
2025-08-15T23:50:00,AAPL,95.9163,0.002647,0.431,1.881,11.181,13.481,4.527,0.509,1.295,8.881,0.698,1.377,0.073,0.09,8.87,12.09,1.32,0.56,0.37
2025-08-15T23:55:00,MSFT,96.0549,0.001424,0.436,1.886,11.186,13.486,4.529,0.509,1.296,8.886,0.699,1.379,0.073,0.09,8.86,12.07,1.31,0.56,0.37
2025-08-16T00:00:00,NVDA,95.9335,-0.001285,0.442,1.892,11.192,13.492,4.531,0.51,1.298,8.892,0.699,1.381,0.073,0.09,8.83,12.04,1.31,0.55,0.37
2025-08-16T00:05:00,JPM,95.6446,-0.003032,0.452,1.902,11.202,13.502,4.534,0.51,1.3,8.902,0.7,1.384,0.073,0.09,8.79,11.99,1.3,0.55,0.37
2025-08-16T00:10:00,XOM,95.4465,-0.002089,0.464,1.914,11.214,13.514,4.538,0.511,1.303,8.914,0.701,1.388,0.073,0.09,8.75,11.93,1.29,0.54,0.36
2025-08-16T00:15:00,AAPL,95.4385,-0.000101,0.478,1.928,11.228,13.528,4.543,0.511,1.307,8.928,0.703,1.393,0.073,0.09,8.69,11.86,1.27,0.54,0.36
2025-08-16T00:20:00,MSFT,95.4329,-7.4e-05,0.494,1.944,11.244,13.544,4.548,0.512,1.311,8.944,0.704,1.398,0.073,0.09,8.62,11.78,1.26,0.53,0.35
2025-08-16T00:25:00,NVDA,95.7023,0.002809,0.512,1.962,11.262,13.562,4.554,0.513,1.316,8.962,0.706,1.404,0.074,0.091,8.55,11.69,1.24,0.52,0.35
2025-08-16T00:30:00,JPM,95.9658,0.002742,0.532,1.982,11.282,13.582,4.561,0.514,1.32,8.982,0.708,1.411,0.074,0.091,8.47,11.59,1.22,0.51,0.34
2025-08-16T00:35:00,XOM,96.0236,0.000592,0.553,2.003,11.303,13.603,4.568,0.515,1.326,9.003,0.71,1.418,0.074,0.091,8.39,11.48,1.2,0.5,0.33
2025-08-16T00:40:00,AAPL,95.5081,-0.010176,-7.724,-8.674,2.126,-3.774,2.525,0.856,3.381,2.626,0.103,-0.775,-0.034,-0.034,75.3,90.37,6.97,3.09,4.02
2025-08-16T00:45:00,MSFT,95.5783,-0.004069,-7.701,-8.651,2.149,-3.751,2.533,0.857,3.387,2.649,0.105,-0.767,-0.034,-0.034,75.2,90.25,6.95,3.08,4.02
2025-08-16T00:50:00,NVDA,95.4274,-0.006382,-7.677,-8.627,2.173,-3.727,2.541,0.859,3.393,2.673,0.107,-0.759,-0.033,-0.033,75.11,90.13,6.93,3.06,4.01
2025-08-16T00:55:00,JPM,95.4572,-0.004488,-7.652,-8.602,2.198,-3.702,2.549,0.86,3.399,2.698,0.11,-0.751,-0.033,-0.033,75.01,90.01,6.9,3.05,4.0
2025-08-16T01:00:00,XOM,95.8567,-0.000613,-7.628,-8.578,2.222,-3.678,2.557,0.861,3.406,2.722,0.112,-0.743,-0.033,-0.033,75.09,90.11,6.92,3.06,4.01
2025-08-16T01:05:00,AAPL,95.9961,-0.003341,-7.604,-8.554,2.246,-3.654,2.565,0.862,3.412,2.746,0.115,-0.735,-0.033,-0.033,75.18,90.23,6.95,3.07,4.02
2025-08-16T01:10:00,MSFT,95.8088,-0.006744,-7.58,-8.53,2.27,-3.63,2.573,0.863,3.417,2.77,0.117,-0.727,-0.032,-0.032,75.28,90.35,6.97,3.08,4.02
2025-08-16T01:15:00,NVDA,95.3966,-0.009092,-7.558,-8.508,2.292,-3.608,2.581,0.865,3.423,2.792,0.119,-0.719,-0.032,-0.032,75.37,90.46,6.99,3.1,4.03
2025-08-16T01:20:00,JPM,95.0282,-0.008651,-7.536,-8.486,2.314,-3.586,2.588,0.866,3.429,2.814,0.121,-0.712,-0.032,-0.032,75.46,90.57,7.01,3.11,4.04
2025-08-16T01:25:00,XOM,95.0722,-0.004324,-7.516,-8.466,2.334,-3.566,2.595,0.867,3.434,2.834,0.123,-0.705,-0.032,-0.032,75.54,90.67,7.03,3.12,4.04
2025-08-16T01:30:00,AAPL,95.4529,-0.00078,-7.497,-8.447,2.353,-3.547,2.601,0.868,3.438,2.853,0.125,-0.699,-0.031,-0.031,75.61,90.76,7.05,3.13,4.05
2025-08-16T01:35:00,MSFT,95.3041,-0.006342,-7.481,-8.431,2.369,-3.531,2.606,0.868,3.442,2.869,0.127,-0.694,-0.031,-0.031,75.68,90.85,7.07,3.13,4.06
2025-08-16T01:40:00,NVDA,95.3128,-0.00469,-7.466,-8.416,2.384,-3.516,2.611,0.869,3.446,2.884,0.128,-0.689,-0.031,-0.031,75.74,90.92,7.08,3.14,4.06
2025-08-16T01:45:00,JPM,95.605,-0.001714,-7.454,-8.404,2.396,-3.504,2.615,0.87,3.449,2.896,0.13,-0.685,-0.031,-0.031,75.78,90.98,7.1,3.15,4.07
2025-08-16T01:50:00,XOM,95.5907,-0.004929,-7.444,-8.394,2.406,-3.494,2.619,0.87,3.451,2.906,0.131,-0.681,-0.031,-0.031,75.82,91.03,7.11,3.15,4.07
2025-08-16T01:55:00,AAPL,95.821,-0.00237,-7.437,-8.387,2.413,-3.487,2.621,0.871,3.453,2.913,0.131,-0.679,-0.031,-0.031,75.85,91.07,7.11,3.16,4.07
2025-08-16T02:00:00,MSFT,95.8945,-0.004011,-7.432,-8.382,2.418,-3.482,2.623,0.871,3.454,2.918,0.132,-0.677,-0.031,-0.031,75.87,91.09,7.12,3.16,4.07
2025-08-16T02:05:00,NVDA,95.9378,-0.004327,-7.43,-8.38,2.42,-3.48,2.623,0.871,3.455,2.92,0.132,-0.677,-0.031,-0.031,75.88,91.1,7.12,3.16,4.07
2025-08-16T02:10:00,JPM,95.562,-0.008695,-7.431,-8.381,2.419,-3.481,2.623,0.871,3.455,2.919,0.132,-0.677,-0.031,-0.031,75.88,91.1,7.12,3.16,4.07
2025-08-16T02:15:00,XOM,95.7932,-0.002359,-7.434,-8.384,2.416,-3.484,2.622,0.871,3.454,2.916,0.132,-0.678,-0.031,-0.031,75.86,91.08,7.12,3.16,4.07
2025-08-16T02:20:00,AAPL,95.4291,-0.00858,-7.44,-8.39,2.41,-3.49,2.62,0.87,3.452,2.91,0.131,-0.68,-0.031,-0.031,75.84,91.05,7.11,3.15,4.07
2025-08-16T02:25:00,MSFT,95.594,-0.003051,-7.449,-8.399,2.401,-3.499,2.617,0.87,3.45,2.901,0.13,-0.683,-0.031,-0.031,75.8,91.01,7.1,3.15,4.07
2025-08-16T02:30:00,NVDA,95.3092,-0.00776,-7.46,-8.41,2.39,-3.51,2.613,0.869,3.447,2.89,0.129,-0.687,-0.031,-0.031,75.76,90.95,7.09,3.14,4.06
2025-08-16T02:35:00,JPM,95.3436,-0.004422,-7.474,-8.424,2.376,-3.524,2.609,0.869,3.444,2.876,0.128,-0.691,-0.031,-0.031,75.71,90.88,7.08,3.14,4.06
2025-08-16T02:40:00,XOM,95.3113,-0.005122,-7.489,-8.439,2.361,-3.539,2.604,0.868,3.44,2.861,0.126,-0.696,-0.031,-0.031,75.64,90.8,7.06,3.13,4.05
2025-08-16T02:45:00,AAPL,95.1375,-0.00661,-7.507,-8.457,2.343,-3.557,2.598,0.867,3.436,2.843,0.124,-0.702,-0.032,-0.032,75.57,90.72,7.04,3.12,4.05
2025-08-16T02:50:00,MSFT,95.2291,-0.003825,-7.526,-8.476,2.324,-3.576,2.591,0.866,3.431,2.824,0.122,-0.709,-0.032,-0.032,75.49,90.62,7.02,3.11,4.04
2025-08-16T02:55:00,NVDA,95.2292,-0.004788,-7.547,-8.497,2.303,-3.597,2.584,0.865,3.426,2.803,0.12,-0.716,-0.032,-0.032,75.41,90.51,7.0,3.1,4.03
2025-08-16T03:00:00,JPM,95.5237,-0.0017,-7.569,-8.519,2.281,-3.619,2.577,0.864,3.42,2.781,0.118,-0.723,-0.032,-0.032,75.32,90.4,6.98,3.09,4.03
2025-08-16T03:05:00,XOM,95.4452,-0.005616,-7.593,-8.543,2.257,-3.643,2.569,0.863,3.414,2.757,0.116,-0.731,-0.032,-0.032,75.23,90.29,6.96,3.08,4.02
2025-08-16T03:10:00,AAPL,95.4065,-0.005202,-7.617,-8.567,2.233,-3.667,2.561,0.862,3.408,2.733,0.113,-0.739,-0.033,-0.033,75.13,90.17,6.93,3.07,4.01
2025-08-16T03:15:00,MSFT,95.4663,-0.004172,-7.641,-8.591,2.209,-3.691,2.553,0.86,3.402,2.709,0.111,-0.747,-0.033,-0.033,75.04,90.05,6.91,3.05,4.0
2025-08-16T03:20:00,NVDA,95.3763,-0.005744,-7.665,-8.615,2.185,-3.715,2.545,0.859,3.396,2.685,0.108,-0.755,-0.033,-0.033,75.06,90.08,6.92,3.06,4.01
2025-08-16T03:25:00,JPM,95.6383,-0.002057,-7.69,-8.64,2.16,-3.74,2.537,0.858,3.39,2.66,0.106,-0.763,-0.033,-0.033,75.16,90.2,6.94,3.07,4.01
2025-08-16T03:30:00,XOM,95.5592,-0.005634,-7.713,-8.663,2.137,-3.763,2.529,0.857,3.384,2.637,0.104,-0.771,-0.034,-0.034,75.25,90.32,6.96,3.08,4.02
2025-08-16T03:35:00,AAPL,95.1413,-0.009182,-7.736,-8.686,2.114,-3.786,2.521,0.856,3.378,2.614,0.101,-0.779,-0.034,-0.034,75.35,90.43,6.99,3.09,4.03
2025-08-16T03:40:00,MSFT,95.3286,-0.002842,-7.758,-8.708,2.092,-3.808,2.514,0.855,3.373,2.592,0.099,-0.786,-0.034,-0.034,75.43,90.54,7.01,3.1,4.04
2025-08-16T03:45:00,NVDA,95.2394,-0.005749,-7.779,-8.729,2.071,-3.829,2.507,0.854,3.368,2.571,0.097,-0.793,-0.034,-0.034,75.52,90.64,7.03,3.11,4.04
2025-08-16T03:50:00,JPM,95.4018,-0.00311,-7.798,-8.748,2.052,-3.848,2.501,0.853,3.363,2.552,0.095,-0.799,-0.034,-0.034,75.59,90.74,7.05,3.12,4.05
2025-08-16T03:55:00,XOM,95.9274,0.000693,-7.815,-8.765,2.035,-3.865,2.495,0.852,3.359,2.535,0.094,-0.805,-0.035,-0.035,75.66,90.82,7.06,3.13,4.05
2025-08-16T04:00:00,AAPL,96.0,-0.004062,-7.83,-8.78,2.02,-3.88,2.49,0.851,3.355,2.52,0.092,-0.81,-0.035,-0.035,75.72,90.9,7.08,3.14,4.06
2025-08-16T04:05:00,MSFT,96.0629,-0.004164,-7.843,-8.793,2.007,-3.893,2.486,0.85,3.352,2.507,0.091,-0.814,-0.035,-0.035,75.77,90.96,7.09,3.15,4.06
2025-08-16T04:10:00,NVDA,95.7054,-0.008542,-7.853,-8.803,1.997,-3.903,2.482,0.85,3.349,2.497,0.09,-0.818,-0.035,-0.035,75.81,91.02,7.1,3.15,4.07
2025-08-16T04:15:00,JPM,95.7922,-0.003914,-7.862,-8.812,1.988,-3.912,2.479,0.849,3.347,2.488,0.089,-0.821,-0.035,-0.035,75.85,91.06,7.11,3.16,4.07
2025-08-16T04:20:00,XOM,95.8015,-0.004725,-7.867,-8.817,1.983,-3.917,2.478,0.849,3.346,2.483,0.088,-0.822,-0.035,-0.035,75.87,91.08,7.12,3.16,4.07
2025-08-16T04:25:00,AAPL,96.034,-0.002395,-7.87,-8.82,1.98,-3.92,2.477,0.849,3.345,2.48,0.088,-0.823,-0.035,-0.035,75.88,91.1,7.12,3.16,4.07
2025-08-16T04:30:00,MSFT,96.2031,-0.003062,-7.87,-8.82,1.98,-3.92,2.477,0.849,3.345,2.48,0.088,-0.823,-0.035,-0.035,75.88,91.1,7.12,3.16,4.07
2025-08-16T04:35:00,NVDA,96.2424,-0.004413,-7.867,-8.817,1.983,-3.917,2.478,0.849,3.346,2.483,0.088,-0.822,-0.035,-0.035,75.87,91.08,7.12,3.16,4.07
2025-08-16T04:40:00,JPM,96.4297,-0.002875,-7.862,-8.812,1.988,-3.912,2.479,0.849,3.347,2.488,0.089,-0.821,-0.035,-0.035,75.85,91.06,7.11,3.16,4.07
2025-08-16T04:45:00,XOM,96.4656,-0.004448,-7.854,-8.804,1.996,-3.904,2.482,0.85,3.349,2.496,0.09,-0.818,-0.035,-0.035,75.81,91.02,7.1,3.15,4.07
2025-08-16T04:50:00,AAPL,96.7861,-0.001497,-7.843,-8.793,2.007,-3.893,2.486,0.85,3.352,2.507,0.091,-0.814,-0.035,-0.035,75.77,90.97,7.09,3.15,4.06
2025-08-16T04:55:00,MSFT,96.8841,-0.003805,-7.83,-8.78,2.02,-3.88,2.49,0.851,3.355,2.52,0.092,-0.81,-0.035,-0.035,75.72,90.9,7.08,3.14,4.06
2025-08-16T05:00:00,NVDA,96.7141,-0.006571,-7.815,-8.765,2.035,-3.865,2.495,0.852,3.359,2.535,0.093,-0.805,-0.035,-0.035,75.66,90.83,7.07,3.13,4.06
2025-08-16T05:05:00,JPM,96.4503,-0.007542,-7.798,-8.748,2.052,-3.848,2.501,0.853,3.363,2.552,0.095,-0.799,-0.034,-0.034,75.59,90.74,7.05,3.12,4.05
2025-08-16T05:10:00,XOM,96.0794,-0.008658,-7.779,-8.729,2.071,-3.829,2.507,0.854,3.368,2.571,0.097,-0.793,-0.034,-0.034,75.52,90.65,7.03,3.11,4.04
2025-08-16T05:15:00,AAPL,96.2665,-0.002864,-7.759,-8.709,2.091,-3.809,2.514,0.855,3.373,2.591,0.099,-0.786,-0.034,-0.034,75.43,90.54,7.01,3.1,4.04
2025-08-16T05:20:00,MSFT,96.2587,-0.00489,-7.737,-8.687,2.113,-3.787,2.521,0.856,3.378,2.613,0.101,-0.779,-0.034,-0.034,75.35,90.43,6.99,3.09,4.03
2025-08-16T05:25:00,NVDA,95.8471,-0.009081,-7.714,-8.664,2.136,-3.764,2.529,0.857,3.384,2.636,0.104,-0.771,-0.034,-0.034,75.26,90.32,6.96,3.08,4.02
2025-08-16T05:30:00,JPM,95.546,-0.007946,-7.69,-8.64,2.16,-3.74,2.537,0.858,3.39,2.66,0.106,-0.763,-0.033,-0.033,75.16,90.2,6.94,3.07,4.01
2025-08-16T05:35:00,XOM,95.614,-0.004091,-7.666,-8.616,2.184,-3.716,2.545,0.859,3.396,2.684,0.108,-0.755,-0.033,-0.033,75.06,90.08,6.92,3.06,4.01
2025-08-16T05:40:00,AAPL,96.0702,-2.8e-05,-7.641,-8.591,2.209,-3.691,2.553,0.86,3.402,2.709,0.111,-0.747,-0.033,-0.033,75.03,90.04,6.91,3.05,4.0
2025-08-16T05:45:00,MSFT,96.3994,-0.001369,-7.617,-8.567,2.233,-3.667,2.561,0.862,3.408,2.733,0.113,-0.739,-0.033,-0.033,75.13,90.16,6.93,3.07,4.01
2025-08-16T05:50:00,NVDA,96.3993,-0.004796,-7.593,-8.543,2.257,-3.643,2.569,0.863,3.414,2.757,0.116,-0.731,-0.032,-0.032,75.23,90.28,6.96,3.08,4.02
2025-08-16T05:55:00,JPM,96.2941,-0.005883,-7.57,-8.52,2.28,-3.62,2.577,0.864,3.42,2.78,0.118,-0.723,-0.032,-0.032,75.32,90.4,6.98,3.09,4.03
2025-08-16T06:00:00,XOM,96.0772,-0.007042,-7.548,-8.498,2.302,-3.598,2.584,0.865,3.426,2.802,0.12,-0.716,-0.032,-0.032,75.41,90.51,7.0,3.1,4.03
2025-08-16T06:05:00,AAPL,95.7481,-0.008213,-7.527,-8.477,2.323,-3.577,2.591,0.866,3.431,2.823,0.122,-0.709,-0.032,-0.032,75.49,90.62,7.02,3.11,4.04
2025-08-16T06:10:00,MSFT,95.6954,-0.005336,-7.507,-8.457,2.343,-3.557,2.598,0.867,3.436,2.843,0.124,-0.702,-0.032,-0.032,75.57,90.71,7.04,3.12,4.05
2025-08-16T06:15:00,NVDA,95.0082,-0.011964,-7.49,-8.44,2.36,-3.54,2.603,0.868,3.44,2.86,0.126,-0.697,-0.031,-0.031,75.64,90.8,7.06,3.13,4.05
2025-08-16T06:20:00,JPM,95.1444,-0.003349,-7.474,-8.424,2.376,-3.524,2.609,0.869,3.444,2.876,0.128,-0.691,-0.031,-0.031,75.7,90.88,7.08,3.14,4.06
2025-08-16T06:25:00,XOM,95.283,-0.003325,-7.46,-8.41,2.39,-3.51,2.613,0.869,3.447,2.89,0.129,-0.687,-0.031,-0.031,75.76,90.95,7.09,3.14,4.06
2025-08-16T06:30:00,AAPL,95.5032,-0.002469,-7.449,-8.399,2.401,-3.499,2.617,0.87,3.45,2.901,0.13,-0.683,-0.031,-0.031,75.8,91.0,7.1,3.15,4.07
2025-08-16T06:35:00,MSFT,95.4019,-0.005839,-7.44,-8.39,2.41,-3.49,2.62,0.87,3.452,2.91,0.131,-0.68,-0.031,-0.031,75.84,91.05,7.11,3.15,4.07
2025-08-16T06:40:00,NVDA,95.3578,-0.005241,-7.434,-8.384,2.416,-3.484,2.622,0.871,3.454,2.916,0.132,-0.678,-0.031,-0.031,75.86,91.08,7.12,3.16,4.07
2025-08-16T06:45:00,JPM,95.1969,-0.006466,-7.431,-8.381,2.419,-3.481,2.623,0.871,3.455,2.919,0.132,-0.677,-0.031,-0.031,75.88,91.1,7.12,3.16,4.07
2025-08-16T06:50:00,XOM,94.9199,-0.007688,-7.43,-8.38,2.42,-3.48,2.623,0.871,3.455,2.92,0.132,-0.677,-0.031,-0.031,75.88,91.1,7.12,3.16,4.07
2025-08-16T06:55:00,AAPL,94.9374,-0.004593,-7.432,-8.382,2.418,-3.482,2.623,0.871,3.454,2.918,0.132,-0.677,-0.031,-0.031,75.87,91.09,7.12,3.16,4.07
2025-08-16T07:00:00,MSFT,94.7677,-0.006567,-7.437,-8.387,2.413,-3.487,2.621,0.871,3.453,2.913,0.131,-0.679,-0.031,-0.031,75.85,91.07,7.11,3.16,4.07
2025-08-16T07:05:00,NVDA,94.491,-0.007698,-7.444,-8.394,2.406,-3.494,2.619,0.87,3.452,2.906,0.131,-0.681,-0.031,-0.031,75.82,91.03,7.11,3.15,4.07
2025-08-16T07:10:00,JPM,94.6988,-0.002582,-7.454,-8.404,2.396,-3.504,2.615,0.87,3.449,2.896,0.13,-0.685,-0.031,-0.031,75.79,90.98,7.1,3.15,4.07
2025-08-16T07:15:00,XOM,94.9692,-0.001926,-7.466,-8.416,2.384,-3.516,2.611,0.869,3.446,2.884,0.128,-0.689,-0.031,-0.031,75.74,90.92,7.08,3.14,4.06
2025-08-16T07:20:00,AAPL,95.1933,-0.002423,-7.48,-8.43,2.37,-3.53,2.607,0.868,3.442,2.87,0.127,-0.693,-0.031,-0.031,75.68,90.85,7.07,3.13,4.06
2025-08-16T07:25:00,MSFT,95.4803,-0.00177,-7.497,-8.447,2.353,-3.547,2.601,0.868,3.438,2.853,0.125,-0.699,-0.031,-0.031,75.61,90.76,7.05,3.13,4.05
2025-08-16T07:30:00,NVDA,95.3924,-0.005707,-7.515,-8.465,2.335,-3.565,2.595,0.867,3.434,2.835,0.123,-0.705,-0.032,-0.032,75.54,90.67,7.03,3.12,4.04
2025-08-16T07:35:00,JPM,95.4032,-0.004675,-7.536,-8.486,2.314,-3.586,2.588,0.866,3.429,2.814,0.121,-0.712,-0.032,-0.032,75.46,90.57,7.01,3.11,4.04
2025-08-16T07:40:00,XOM,95.3856,-0.004975,-7.557,-8.507,2.293,-3.607,2.581,0.865,3.423,2.793,0.119,-0.719,-0.032,-0.032,75.37,90.46,6.99,3.1,4.03
2025-08-16T07:45:00,AAPL,95.254,-0.006173,-7.58,-8.53,2.27,-3.63,2.573,0.864,3.418,2.77,0.117,-0.727,-0.032,-0.032,75.28,90.35,6.97,3.09,4.02
2025-08-16T07:50:00,MSFT,95.081,-0.006611,-7.603,-8.553,2.247,-3.653,2.566,0.862,3.412,2.747,0.115,-0.734,-0.033,-0.033,75.19,90.23,6.95,3.07,4.02
2025-08-16T07:55:00,NVDA,95.3089,-0.002401,-7.628,-8.578,2.222,-3.678,2.557,0.861,3.406,2.722,0.112,-0.743,-0.033,-0.033,75.09,90.11,6.92,3.06,4.01
2025-08-16T08:00:00,JPM,95.3266,-0.004614,-7.652,-8.602,2.198,-3.702,2.549,0.86,3.4,2.698,0.11,-0.751,-0.033,-0.033,75.01,90.01,6.9,3.05,4.0
2025-08-16T08:05:00,XOM,95.3532,-0.004523,-7.676,-8.626,2.174,-3.726,2.541,0.859,3.393,2.674,0.107,-0.759,-0.033,-0.033,75.11,90.13,6.93,3.06,4.01
2025-08-16T08:10:00,AAPL,95.2942,-0.005424,-7.7,-8.65,2.15,-3.75,2.533,0.857,3.387,2.65,0.105,-0.767,-0.034,-0.034,75.2,90.25,6.95,3.08,4.02
2025-08-16T08:15:00,MSFT,95.1052,-0.00679,-7.724,-8.674,2.126,-3.774,2.525,0.856,3.382,2.626,0.103,-0.775,-0.034,-0.034,75.3,90.37,6.97,3.09,4.02
2025-08-16T08:20:00,NVDA,94.803,-0.007987,-7.746,-8.696,2.104,-3.796,2.518,0.855,3.376,2.604,0.1,-0.782,-0.034,-0.034,75.39,90.48,7.0,3.1,4.03
2025-08-16T08:25:00,JPM,94.4736,-0.008287,-7.768,-8.718,2.082,-3.818,2.511,0.854,3.371,2.582,0.098,-0.789,-0.034,-0.034,75.47,90.59,7.02,3.11,4.04
2025-08-16T08:30:00,XOM,94.5719,-0.003773,-7.788,-8.738,2.062,-3.838,2.504,0.853,3.366,2.562,0.096,-0.796,-0.034,-0.034,75.55,90.69,7.04,3.12,4.05
2025-08-16T08:35:00,AAPL,94.5274,-0.005286,-7.806,-8.756,2.044,-3.856,2.498,0.852,3.361,2.544,0.094,-0.802,-0.035,-0.035,75.62,90.78,7.06,3.13,4.05
2025-08-16T08:40:00,MSFT,94.0278,-0.010102,-7.822,-8.772,2.028,-3.872,2.493,0.851,3.357,2.528,0.093,-0.807,-0.035,-0.035,75.69,90.86,7.07,3.14,4.06
2025-08-16T08:45:00,NVDA,93.496,-0.010475,-7.836,-8.786,2.014,-3.886,2.488,0.851,3.353,2.514,0.091,-0.812,-0.035,-0.035,75.74,90.93,7.09,3.14,4.06
2025-08-16T08:50:00,JPM,93.8052,-0.001513,-7.848,-8.798,2.002,-3.898,2.484,0.85,3.35,2.502,0.09,-0.816,-0.035,-0.035,75.79,90.99,7.1,3.15,4.07
2025-08-16T08:55:00,XOM,93.8715,-0.004114,-7.857,-8.807,1.993,-3.907,2.481,0.85,3.348,2.493,0.089,-0.819,-0.035,-0.035,75.83,91.04,7.11,3.15,4.07
2025-08-16T09:00:00,AAPL,93.7604,-0.006005,-7.864,-8.814,1.986,-3.914,2.479,0.849,3.346,2.486,0.089,-0.821,-0.035,-0.035,75.86,91.07,7.11,3.16,4.07
2025-08-16T09:05:00,MSFT,93.109,-0.011769,-7.868,-8.818,1.982,-3.918,2.477,0.849,3.345,2.482,0.088,-0.823,-0.035,-0.035,75.87,91.09,7.12,3.16,4.07
2025-08-16T09:10:00,NVDA,93.8573,0.003216,-7.87,-8.82,1.98,-3.92,2.477,0.849,3.345,2.48,0.088,-0.823,-0.035,-0.035,75.88,91.1,7.12,3.16,4.07
2025-08-16T09:15:00,JPM,93.9758,-0.00356,-7.869,-8.819,1.981,-3.919,2.477,0.849,3.345,2.481,0.088,-0.823,-0.035,-0.035,75.88,91.09,7.12,3.16,4.07
2025-08-16T09:20:00,XOM,93.9139,-0.00548,-7.865,-8.815,1.985,-3.915,2.478,0.849,3.346,2.485,0.089,-0.822,-0.035,-0.035,75.86,91.07,7.11,3.16,4.07
2025-08-16T09:25:00,AAPL,93.3859,-0.010443,-7.858,-8.808,1.992,-3.908,2.481,0.85,3.348,2.492,0.089,-0.819,-0.035,-0.035,75.83,91.04,7.11,3.15,4.07
2025-08-16T09:30:00,MSFT,93.6244,-0.002266,-7.849,-8.799,2.001,-3.899,2.484,0.85,3.35,2.501,0.09,-0.816,-0.035,-0.035,75.8,91.0,7.1,3.15,4.07
2025-08-16T09:35:00,NVDA,93.7109,-0.003896,-7.838,-8.788,2.012,-3.888,2.487,0.851,3.353,2.512,0.091,-0.813,-0.035,-0.035,75.75,90.94,7.09,3.14,4.06
2025-08-16T09:40:00,JPM,93.6299,-0.005681,-7.824,-8.774,2.026,-3.874,2.492,0.851,3.357,2.526,0.093,-0.808,-0.035,-0.035,75.7,90.87,7.07,3.14,4.06
2025-08-16T09:45:00,XOM,93.6696,-0.004392,-7.808,-8.758,2.042,-3.858,2.497,0.852,3.361,2.542,0.094,-0.803,-0.035,-0.035,75.63,90.79,7.06,3.13,4.05
2025-08-16T09:50:00,AAPL,93.5046,-0.006575,-7.79,-8.74,2.06,-3.84,2.503,0.853,3.365,2.56,0.096,-0.797,-0.034,-0.034,75.56,90.7,7.04,3.12,4.05
2025-08-16T09:55:00,MSFT,93.363,-0.006327,-7.77,-8.72,2.08,-3.82,2.51,0.854,3.37,2.58,0.098,-0.79,-0.034,-0.034,75.48,90.6,7.02,3.11,4.04
2025-08-16T10:00:00,NVDA,93.0525,-0.008136,-7.749,-8.699,2.101,-3.799,2.517,0.855,3.375,2.601,0.1,-0.783,-0.034,-0.034,75.4,90.49,7.0,3.1,4.03
2025-08-16T10:05:00,JPM,93.3993,-0.001081,-7.726,-8.676,2.124,-3.776,2.525,0.856,3.381,2.624,0.102,-0.775,-0.034,-0.034,75.31,90.38,6.98,3.09,4.03
2025-08-16T10:10:00,XOM,92.89,-0.010258,-7.703,-8.653,2.147,-3.753,2.532,0.857,3.387,2.647,0.105,-0.768,-0.034,-0.034,75.21,90.27,6.95,3.08,4.02
2025-08-16T10:15:00,AAPL,92.9626,-0.004021,-7.679,-8.629,2.171,-3.729,2.54,0.859,3.393,2.671,0.107,-0.76,-0.033,-0.033,75.12,90.15,6.93,3.06,4.01
2025-08-16T10:20:00,MSFT,92.7563,-0.00702,-7.655,-8.605,2.195,-3.705,2.548,0.86,3.399,2.695,0.11,-0.752,-0.033,-0.033,75.02,90.02,6.9,3.05,4.0
2025-08-16T10:25:00,NVDA,92.7338,-0.005041,-7.63,-8.58,2.22,-3.68,2.557,0.861,3.405,2.72,0.112,-0.743,-0.033,-0.033,75.08,90.1,6.92,3.06,4.01
2025-08-16T10:30:00,JPM,92.9562,-0.002397,-7.606,-8.556,2.244,-3.656,2.565,0.862,3.411,2.744,0.114,-0.735,-0.033,-0.033,75.18,90.22,6.94,3.07,4.01
2025-08-16T10:35:00,XOM,92.6534,-0.008051,-7.583,-8.533,2.267,-3.633,2.572,0.863,3.417,2.767,0.117,-0.728,-0.032,-0.032,75.27,90.34,6.97,3.08,4.02
2025-08-16T10:40:00,AAPL,92.5459,-0.005951,-7.56,-8.51,2.29,-3.61,2.58,0.865,3.423,2.79,0.119,-0.72,-0.032,-0.032,75.36,90.45,6.99,3.1,4.03
2025-08-16T10:45:00,MSFT,92.3152,-0.007282,-7.538,-8.488,2.312,-3.588,2.587,0.866,3.428,2.812,0.121,-0.713,-0.032,-0.032,75.45,90.56,7.01,3.11,4.04
2025-08-16T10:50:00,NVDA,92.1254,-0.006843,-7.518,-8.468,2.332,-3.568,2.594,0.867,3.433,2.832,0.123,-0.706,-0.032,-0.032,75.53,90.66,7.03,3.12,4.04
2025-08-16T10:55:00,JPM,92.1401,-0.004625,-7.499,-8.449,2.351,-3.549,2.6,0.868,3.438,2.851,0.125,-0.7,-0.031,-0.031,75.6,90.75,7.05,3.13,4.05
2025-08-16T11:00:00,XOM,92.1908,-0.004233,-7.482,-8.432,2.368,-3.532,2.606,0.868,3.442,2.868,0.127,-0.694,-0.031,-0.031,75.67,90.84,7.07,3.13,4.06
2025-08-16T11:05:00,AAPL,92.1962,-0.004723,-7.467,-8.417,2.383,-3.517,2.611,0.869,3.446,2.883,0.128,-0.689,-0.031,-0.031,75.73,90.91,7.08,3.14,4.06
2025-08-16T11:10:00,MSFT,91.7301,-0.009836,-7.455,-8.405,2.395,-3.505,2.615,0.87,3.449,2.895,0.13,-0.685,-0.031,-0.031,75.78,90.98,7.1,3.15,4.07
2025-08-16T11:15:00,NVDA,92.1683,-2e-06,-7.445,-8.395,2.405,-3.495,2.618,0.87,3.451,2.905,0.131,-0.682,-0.031,-0.031,75.82,91.03,7.11,3.15,4.07
2025-08-16T11:20:00,JPM,91.9289,-0.007376,-7.437,-8.387,2.413,-3.487,2.621,0.871,3.453,2.913,0.131,-0.679,-0.031,-0.031,75.85,91.06,7.11,3.16,4.07
2025-08-16T11:25:00,XOM,91.9112,-0.004971,-7.432,-8.382,2.418,-3.482,2.623,0.871,3.454,2.918,0.132,-0.677,-0.031,-0.031,75.87,91.09,7.12,3.16,4.07
2025-08-16T11:30:00,AAPL,91.7914,-0.006082,-7.43,-8.38,2.42,-3.48,2.623,0.871,3.455,2.92,0.132,-0.677,-0.031,-0.031,75.88,91.1,7.12,3.16,4.07
2025-08-16T11:35:00,MSFT,92.0476,-0.001988,-7.431,-8.381,2.419,-3.481,2.623,0.871,3.455,2.919,0.132,-0.677,-0.031,-0.031,75.88,91.1,7.12,3.16,4.07
2025-08-16T11:40:00,NVDA,91.7013,-0.008541,-7.434,-8.384,2.416,-3.484,2.622,0.871,3.454,2.916,0.132,-0.678,-0.031,-0.031,75.86,91.08,7.12,3.16,4.07
2025-08-16T11:45:00,JPM,92.0934,-0.000502,-7.44,-8.39,2.41,-3.49,2.62,0.871,3.453,2.91,0.131,-0.68,-0.031,-0.031,75.84,91.05,7.11,3.16,4.07
2025-08-16T11:50:00,XOM,92.3448,-0.002051,-7.448,-8.398,2.402,-3.498,2.617,0.87,3.45,2.902,0.13,-0.683,-0.031,-0.031,75.81,91.01,7.1,3.15,4.07
2025-08-16T11:55:00,AAPL,91.8253,-0.010407,-7.459,-8.409,2.391,-3.509,2.614,0.87,3.448,2.891,0.129,-0.686,-0.031,-0.031,75.76,90.96,7.09,3.15,4.06
2025-08-16T12:00:00,MSFT,91.9745,-0.003157,-7.472,-8.422,2.378,-3.522,2.609,0.869,3.444,2.878,0.128,-0.691,-0.031,-0.031,75.71,90.89,7.08,3.14,4.06
2025-08-16T12:05:00,NVDA,92.0514,-0.003948,-7.488,-8.438,2.362,-3.538,2.604,0.868,3.441,2.862,0.126,-0.696,-0.031,-0.031,75.65,90.81,7.06,3.13,4.05
2025-08-16T12:10:00,JPM,92.2609,-0.002509,-7.505,-8.455,2.345,-3.555,2.598,0.867,3.436,2.845,0.124,-0.702,-0.032,-0.032,75.58,90.72,7.04,3.12,4.05
2025-08-16T12:15:00,XOM,92.6438,-0.000637,-7.524,-8.474,2.326,-3.574,2.592,0.866,3.431,2.826,0.123,-0.708,-0.032,-0.032,75.5,90.63,7.03,3.11,4.04
2025-08-16T12:20:00,AAPL,92.7261,-0.003901,-7.545,-8.495,2.305,-3.595,2.585,0.865,3.426,2.805,0.12,-0.715,-0.032,-0.032,75.42,90.52,7.0,3.1,4.03
2025-08-16T12:25:00,MSFT,92.9486,-0.002392,-7.567,-8.517,2.283,-3.617,2.578,0.864,3.421,2.783,0.118,-0.722,-0.032,-0.032,75.33,90.41,6.98,3.09,4.03
2025-08-16T12:30:00,NVDA,92.5231,-0.009372,-7.59,-8.54,2.26,-3.64,2.57,0.863,3.415,2.76,0.116,-0.73,-0.032,-0.032,75.24,90.3,6.96,3.08,4.02
2025-08-16T12:35:00,JPM,92.6605,-0.003311,-7.614,-8.564,2.236,-3.664,2.562,0.862,3.409,2.736,0.114,-0.738,-0.033,-0.033,75.14,90.18,6.94,3.07,4.01
2025-08-16T12:40:00,XOM,92.5978,-0.005476,-7.639,-8.589,2.211,-3.689,2.554,0.861,3.403,2.711,0.111,-0.746,-0.033,-0.033,75.05,90.06,6.91,3.06,4.0
2025-08-16T12:45:00,AAPL,93.0214,-0.000227,-7.663,-8.613,2.187,-3.713,2.546,0.859,3.397,2.687,0.109,-0.754,-0.033,-0.033,75.05,90.06,6.91,3.06,4.0
2025-08-16T12:50:00,MSFT,93.1733,-0.00317,-7.687,-8.637,2.163,-3.737,2.538,0.858,3.391,2.663,0.106,-0.762,-0.033,-0.033,75.15,90.19,6.94,3.07,4.01
2025-08-16T12:55:00,NVDA,93.1306,-0.005265,-7.711,-8.661,2.139,-3.761,2.53,0.857,3.385,2.639,0.104,-0.77,-0.034,-0.034,75.24,90.31,6.96,3.08,4.02
2025-08-16T13:00:00,JPM,92.9644,-0.006594,-7.734,-8.684,2.116,-3.784,2.522,0.856,3.379,2.616,0.102,-0.778,-0.034,-0.034,75.34,90.42,6.98,3.09,4.03
2025-08-16T13:05:00,XOM,93.0823,-0.003542,-7.756,-8.706,2.094,-3.806,2.515,0.855,3.373,2.594,0.099,-0.785,-0.034,-0.034,75.42,90.53,7.01,3.1,4.04
2025-08-16T13:10:00,AAPL,93.4606,-0.000748,-7.777,-8.727,2.073,-3.827,2.508,0.854,3.368,2.573,0.097,-0.792,-0.034,-0.034,75.51,90.63,7.03,3.11,4.04
2025-08-16T13:15:00,MSFT,92.8406,-0.011449,-7.796,-8.746,2.054,-3.846,2.501,0.853,3.364,2.554,0.095,-0.799,-0.034,-0.034,75.58,90.73,7.05,3.12,4.05
2025-08-16T13:20:00,NVDA,93.7414,0.004886,-7.813,-8.763,2.037,-3.863,2.496,0.852,3.359,2.537,0.094,-0.804,-0.035,-0.035,75.65,90.82,7.06,3.13,4.05
2025-08-16T13:25:00,JPM,93.6547,-0.005742,-7.829,-8.779,2.021,-3.879,2.49,0.851,3.355,2.521,0.092,-0.81,-0.035,-0.035,75.71,90.89,7.08,3.14,4.06
2025-08-16T13:30:00,XOM,94.1444,0.000409,-7.842,-8.792,2.008,-3.892,2.486,0.85,3.352,2.508,0.091,-0.814,-0.035,-0.035,75.77,90.96,7.09,3.15,4.06
2025-08-16T13:35:00,AAPL,94.1418,-0.004847,-7.853,-8.803,1.997,-3.903,2.482,0.85,3.349,2.497,0.09,-0.818,-0.035,-0.035,75.81,91.01,7.1,3.15,4.07
2025-08-16T13:40:00,MSFT,94.3665,-0.002435,-7.861,-8.811,1.989,-3.911,2.48,0.849,3.347,2.489,0.089,-0.82,-0.035,-0.035,75.84,91.05,7.11,3.16,4.07
2025-08-16T13:45:00,NVDA,94.2838,-0.005698,-7.867,-8.817,1.983,-3.917,2.478,0.849,3.346,2.483,0.088,-0.822,-0.035,-0.035,75.87,91.08,7.12,3.16,4.07
2025-08-16T13:50:00,JPM,94.1277,-0.006477,-7.87,-8.82,1.98,-3.92,2.477,0.849,3.345,2.48,0.088,-0.823,-0.035,-0.035,75.88,91.1,7.12,3.16,4.07
2025-08-16T13:55:00,XOM,94.2206,-0.003835,-7.87,-8.82,1.98,-3.92,2.477,0.849,3.345,2.48,0.088,-0.823,-0.035,-0.035,75.88,91.1,7.12,3.16,4.07
2025-08-16T14:00:00,AAPL,94.2345,-0.004674,-7.867,-8.817,1.983,-3.917,2.478,0.849,3.346,2.483,0.088,-0.822,-0.035,-0.035,75.87,91.09,7.12,3.16,4.07
2025-08-16T14:05:00,MSFT,94.0827,-0.006433,-7.862,-8.812,1.988,-3.912,2.479,0.849,3.347,2.488,0.089,-0.821,-0.035,-0.035,75.85,91.06,7.11,3.16,4.07
2025-08-16T14:10:00,NVDA,94.4814,-0.000582,-7.855,-8.805,1.995,-3.905,2.482,0.85,3.349,2.495,0.09,-0.818,-0.035,-0.035,75.82,91.02,7.1,3.15,4.07
2025-08-16T14:15:00,JPM,94.2412,-0.007361,-7.844,-8.794,2.006,-3.894,2.485,0.85,3.351,2.506,0.091,-0.815,-0.035,-0.035,75.78,90.97,7.09,3.15,4.06
2025-08-16T14:20:00,XOM,94.0649,-0.006689,-7.832,-8.782,2.018,-3.882,2.489,0.851,3.355,2.518,0.092,-0.811,-0.035,-0.035,75.73,90.91,7.08,3.14,4.06
2025-08-16T14:25:00,AAPL,93.7456,-0.008212,-7.817,-8.767,2.033,-3.867,2.494,0.852,3.358,2.533,0.093,-0.806,-0.035,-0.035,75.67,90.83,7.07,3.13,4.06
2025-08-16T14:30:00,MSFT,94.1629,-0.000364,-7.8,-8.75,2.05,-3.85,2.5,0.853,3.363,2.55,0.095,-0.8,-0.034,-0.034,75.6,90.75,7.05,3.12,4.05
2025-08-16T14:35:00,NVDA,94.6569,0.000434,-7.781,-8.731,2.069,-3.831,2.506,0.853,3.367,2.569,0.097,-0.794,-0.034,-0.034,75.52,90.66,7.03,3.12,4.04
2025-08-16T14:40:00,JPM,94.6019,-0.005392,-7.761,-8.711,2.089,-3.811,2.513,0.854,3.372,2.589,0.099,-0.787,-0.034,-0.034,75.44,90.55,7.01,3.11,4.04
2025-08-16T14:45:00,XOM,94.742,-0.003328,-7.739,-8.689,2.111,-3.789,2.52,0.856,3.378,2.611,0.101,-0.78,-0.034,-0.034,75.36,90.44,6.99,3.09,4.03
2025-08-16T14:50:00,AAPL,94.2398,-0.010107,-7.716,-8.666,2.134,-3.766,2.528,0.857,3.383,2.634,0.103,-0.772,-0.034,-0.034,75.26,90.33,6.97,3.08,4.02
2025-08-16T14:55:00,MSFT,94.3478,-0.003658,-7.692,-8.642,2.158,-3.742,2.536,0.858,3.389,2.658,0.106,-0.764,-0.033,-0.033,75.17,90.21,6.94,3.07,4.01
2025-08-16T15:00:00,NVDA,94.6521,-0.001577,-7.668,-8.618,2.182,-3.718,2.544,0.859,3.395,2.682,0.108,-0.756,-0.033,-0.033,75.07,90.09,6.92,3.06,4.01
2025-08-16T15:05:00,JPM,94.0244,-0.011431,-7.644,-8.594,2.206,-3.694,2.552,0.86,3.402,2.706,0.111,-0.748,-0.033,-0.033,75.03,90.03,6.91,3.05,4.0
2025-08-16T15:10:00,XOM,93.8607,-0.006538,-7.619,-8.569,2.231,-3.669,2.56,0.862,3.408,2.731,0.113,-0.74,-0.033,-0.033,75.12,90.15,6.93,3.07,4.01
2025-08-16T15:15:00,AAPL,93.9445,-0.003901,-7.595,-8.545,2.255,-3.645,2.568,0.863,3.414,2.755,0.115,-0.732,-0.032,-0.032,75.22,90.27,6.95,3.08,4.02
2025-08-16T15:20:00,MSFT,93.923,-0.005021,-7.572,-8.522,2.278,-3.622,2.576,0.864,3.419,2.778,0.118,-0.724,-0.032,-0.032,75.31,90.39,6.98,3.09,4.03
2025-08-16T15:25:00,NVDA,94.267,-0.001128,-7.55,-8.5,2.3,-3.6,2.583,0.865,3.425,2.8,0.12,-0.717,-0.032,-0.032,75.4,90.5,7.0,3.1,4.03
2025-08-16T15:30:00,JPM,94.1872,-0.005634,-7.529,-8.479,2.321,-3.579,2.59,0.866,3.43,2.821,0.122,-0.71,-0.032,-0.032,75.49,90.61,7.02,3.11,4.04
2025-08-16T15:35:00,XOM,94.4565,-0.001927,-7.509,-8.459,2.341,-3.559,2.597,0.867,3.435,2.841,0.124,-0.703,-0.032,-0.032,75.56,90.7,7.04,3.12,4.05
2025-08-16T15:40:00,AAPL,94.2753,-0.006702,-7.491,-8.441,2.359,-3.541,2.603,0.868,3.44,2.859,0.126,-0.697,-0.031,-0.031,75.64,90.79,7.06,3.13,4.05
2025-08-16T15:45:00,MSFT,94.0078,-0.007619,-7.475,-8.425,2.375,-3.525,2.608,0.869,3.444,2.875,0.127,-0.692,-0.031,-0.031,75.7,90.87,7.07,3.14,4.06
2025-08-16T15:50:00,NVDA,94.3075,-0.001594,-7.462,-8.412,2.388,-3.512,2.613,0.869,3.447,2.888,0.129,-0.687,-0.031,-0.031,75.75,90.94,7.09,3.14,4.06
2025-08-16T15:55:00,JPM,94.2502,-0.005388,-7.45,-8.4,2.4,-3.5,2.617,0.87,3.45,2.9,0.13,-0.683,-0.031,-0.031,75.8,91.0,7.1,3.15,4.07
2025-08-16T16:00:00,XOM,94.0525,-0.006877,-7.441,-8.391,2.409,-3.491,2.62,0.87,3.452,2.909,0.131,-0.68,-0.031,-0.031,75.84,91.04,7.11,3.15,4.07
2025-08-16T16:05:00,AAPL,93.7832,-0.007641,-7.435,-8.385,2.415,-3.485,2.622,0.871,3.454,2.915,0.132,-0.678,-0.031,-0.031,75.86,91.08,7.12,3.16,4.07
2025-08-16T16:10:00,MSFT,93.5769,-0.006978,-7.431,-8.381,2.419,-3.481,2.623,0.871,3.455,2.919,0.132,-0.677,-0.031,-0.031,75.88,91.09,7.12,3.16,4.07
2025-08-16T16:15:00,NVDA,93.1373,-0.009476,-7.43,-8.38,2.42,-3.48,2.623,0.871,3.455,2.92,0.132,-0.677,-0.031,-0.031,75.88,91.1,7.12,3.16,4.07
2025-08-16T16:20:00,JPM,92.9262,-0.007044,-7.432,-8.382,2.418,-3.482,2.623,0.871,3.455,2.918,0.132,-0.677,-0.031,-0.031,75.87,91.09,7.12,3.16,4.07
2025-08-16T16:25:00,XOM,93.0811,-0.003112,-7.436,-8.386,2.414,-3.486,2.621,0.871,3.453,2.914,0.131,-0.679,-0.031,-0.031,75.86,91.07,7.11,3.16,4.07
2025-08-16T16:30:00,AAPL,92.8828,-0.00691,-7.443,-8.393,2.407,-3.493,2.619,0.87,3.452,2.907,0.131,-0.681,-0.031,-0.031,75.83,91.03,7.11,3.15,4.07
2025-08-16T16:35:00,MSFT,93.0058,-0.003456,-7.453,-8.403,2.397,-3.503,2.616,0.87,3.449,2.897,0.13,-0.684,-0.031,-0.031,75.79,90.99,7.1,3.15,4.07
2025-08-16T16:40:00,NVDA,93.0833,-0.003948,-7.465,-8.415,2.385,-3.515,2.612,0.869,3.446,2.885,0.129,-0.688,-0.031,-0.031,75.74,90.93,7.09,3.14,4.06
2025-08-16T16:45:00,JPM,92.9795,-0.005898,-7.479,-8.429,2.371,-3.529,2.607,0.869,3.443,2.871,0.127,-0.693,-0.031,-0.031,75.68,90.86,7.07,3.14,4.06
2025-08-16T16:50:00,XOM,92.8143,-0.006561,-7.495,-8.445,2.355,-3.545,2.602,0.868,3.439,2.855,0.125,-0.698,-0.031,-0.031,75.62,90.77,7.05,3.13,4.05
2025-08-16T16:55:00,AAPL,92.8316,-0.0046,-7.514,-8.464,2.336,-3.564,2.595,0.867,3.434,2.836,0.124,-0.705,-0.032,-0.032,75.55,90.68,7.04,3.12,4.05
2025-08-16T17:00:00,MSFT,92.9071,-0.003975,-7.534,-8.484,2.316,-3.584,2.589,0.866,3.429,2.816,0.122,-0.711,-0.032,-0.032,75.47,90.58,7.02,3.11,4.04
2025-08-16T17:05:00,NVDA,93.2376,-0.001233,-7.555,-8.505,2.295,-3.605,2.582,0.865,3.424,2.795,0.119,-0.718,-0.032,-0.032,75.38,90.47,6.99,3.1,4.03
2025-08-16T17:10:00,JPM,93.3507,-0.00358,-7.578,-8.528,2.272,-3.628,2.574,0.864,3.418,2.772,0.117,-0.726,-0.032,-0.032,75.29,90.36,6.97,3.09,4.02
2025-08-16T17:15:00,XOM,93.24,-0.005981,-7.601,-8.551,2.249,-3.651,2.566,0.862,3.412,2.749,0.115,-0.734,-0.033,-0.033,75.2,90.24,6.95,3.07,4.02
2025-08-16T17:20:00,AAPL,93.0631,-0.006694,-7.625,-8.575,2.225,-3.675,2.558,0.861,3.406,2.725,0.112,-0.742,-0.033,-0.033,75.1,90.12,6.92,3.06,4.01
2025-08-16T17:25:00,MSFT,93.1604,-0.003755,-7.65,-8.6,2.2,-3.7,2.55,0.86,3.4,2.7,0.11,-0.75,-0.033,-0.033,75.0,90.0,6.9,3.05,4.0
2025-08-16T17:30:00,NVDA,93.2503,-0.003838,-7.674,-8.624,2.176,-3.724,2.542,0.859,3.394,2.676,0.108,-0.758,-0.033,-0.033,75.1,90.12,6.92,3.06,4.01
2025-08-16T17:35:00,JPM,93.2474,-0.004836,-7.698,-8.648,2.152,-3.748,2.534,0.858,3.388,2.652,0.105,-0.766,-0.033,-0.033,75.19,90.24,6.95,3.07,4.02
2025-08-16T17:40:00,XOM,92.8729,-0.008823,-7.722,-8.672,2.128,-3.772,2.526,0.856,3.382,2.628,0.103,-0.774,-0.034,-0.034,75.29,90.36,6.97,3.09,4.02
2025-08-16T17:45:00,AAPL,92.8588,-0.004962,-7.744,-8.694,2.106,-3.794,2.519,0.855,3.376,2.606,0.101,-0.781,-0.034,-0.034,75.38,90.47,6.99,3.1,4.03
2025-08-16T17:50:00,MSFT,92.8226,-0.005202,-7.766,-8.716,2.084,-3.816,2.511,0.854,3.371,2.584,0.098,-0.789,-0.034,-0.034,75.46,90.58,7.02,3.11,4.04
2025-08-16T17:55:00,NVDA,93.0585,-0.002272,-7.786,-8.736,2.064,-3.836,2.505,0.853,3.366,2.564,0.096,-0.795,-0.034,-0.034,75.54,90.68,7.04,3.12,4.05
2025-08-16T18:00:00,JPM,93.4809,-0.000276,-7.804,-8.754,2.046,-3.854,2.499,0.852,3.361,2.546,0.095,-0.801,-0.035,-0.035,75.62,90.77,7.05,3.13,4.05
2025-08-16T18:05:00,XOM,93.1445,-0.008416,-7.821,-8.771,2.029,-3.871,2.493,0.851,3.357,2.529,0.093,-0.807,-0.035,-0.035,75.68,90.85,7.07,3.14,4.06
2025-08-16T18:10:00,AAPL,93.6102,0.000182,-7.835,-8.785,2.015,-3.885,2.488,0.851,3.354,2.515,0.092,-0.812,-0.035,-0.035,75.74,90.92,7.08,3.14,4.06
2025-08-16T18:15:00,MSFT,93.8811,-0.001926,-7.847,-8.797,2.003,-3.897,2.484,0.85,3.351,2.503,0.09,-0.816,-0.035,-0.035,75.79,90.98,7.1,3.15,4.07
2025-08-16T18:20:00,NVDA,93.7874,-0.005819,-7.857,-8.807,1.993,-3.907,2.481,0.85,3.348,2.493,0.089,-0.819,-0.035,-0.035,75.83,91.03,7.11,3.15,4.07
2025-08-16T18:25:00,JPM,93.89,-0.003728,-7.864,-8.814,1.986,-3.914,2.479,0.849,3.347,2.486,0.089,-0.821,-0.035,-0.035,75.85,91.07,7.11,3.16,4.07
2025-08-16T18:30:00,XOM,94.2461,-0.001028,-7.868,-8.818,1.982,-3.918,2.477,0.849,3.345,2.482,0.088,-0.823,-0.035,-0.035,75.87,91.09,7.12,3.16,4.07
2025-08-16T18:35:00,AAPL,94.3869,-0.003329,-7.87,-8.82,1.98,-3.92,2.477,0.849,3.345,2.48,0.088,-0.823,-0.035,-0.035,75.88,91.1,7.12,3.16,4.07
2025-08-16T18:40:00,MSFT,94.1772,-0.007043,-7.869,-8.819,1.981,-3.919,2.477,0.849,3.345,2.481,0.088,-0.823,-0.035,-0.035,75.88,91.1,7.12,3.16,4.07
2025-08-16T18:45:00,NVDA,93.9654,-0.00707,-7.865,-8.815,1.985,-3.915,2.478,0.849,3.346,2.485,0.088,-0.822,-0.035,-0.035,75.86,91.08,7.12,3.16,4.07
2025-08-16T18:50:00,JPM,94.0699,-0.003709,-7.859,-8.809,1.991,-3.909,2.48,0.85,3.348,2.491,0.089,-0.82,-0.035,-0.035,75.84,91.05,7.11,3.15,4.07
2025-08-16T18:55:00,XOM,93.8591,-0.007061,-7.85,-8.8,2.0,-3.9,2.483,0.85,3.35,2.5,0.09,-0.817,-0.035,-0.035,75.8,91.0,7.1,3.15,4.07
2025-08-16T19:00:00,AAPL,93.7141,-0.006364,-7.839,-8.789,2.011,-3.889,2.487,0.851,3.353,2.511,0.091,-0.813,-0.035,-0.035,75.76,90.94,7.09,3.14,4.06
2025-08-16T19:05:00,MSFT,93.3922,-0.008252,-7.825,-8.775,2.025,-3.875,2.492,0.851,3.356,2.525,0.092,-0.808,-0.035,-0.035,75.7,90.88,7.08,3.14,4.06
2025-08-16T19:10:00,NVDA,93.8923,0.000539,-7.809,-8.759,2.041,-3.859,2.497,0.852,3.36,2.541,0.094,-0.803,-0.035,-0.035,75.64,90.8,7.06,3.13,4.05
2025-08-16T19:15:00,JPM,94.1851,-0.001695,-7.792,-8.742,2.058,-3.842,2.503,0.853,3.365,2.558,0.096,-0.797,-0.034,-0.034,75.57,90.71,7.04,3.12,4.05
2025-08-16T19:20:00,XOM,94.5036,-0.00143,-7.772,-8.722,2.078,-3.822,2.509,0.854,3.369,2.578,0.098,-0.791,-0.034,-0.034,75.49,90.61,7.02,3.11,4.04
2025-08-16T19:25:00,AAPL,94.3569,-0.006362,-7.751,-8.701,2.099,-3.801,2.516,0.855,3.375,2.599,0.1,-0.784,-0.034,-0.034,75.4,90.5,7.0,3.1,4.03
2025-08-16T19:30:00,MSFT,94.2635,-0.005798,-7.729,-8.679,2.121,-3.779,2.524,0.856,3.38,2.621,0.102,-0.776,-0.034,-0.034,75.31,90.39,6.98,3.09,4.03
2025-08-16T19:35:00,NVDA,94.2934,-0.004488,-7.705,-8.655,2.145,-3.755,2.532,0.857,3.386,2.645,0.104,-0.768,-0.034,-0.034,75.22,90.28,6.96,3.08,4.02
2025-08-16T19:40:00,JPM,94.5103,-0.002503,-7.681,-8.631,2.169,-3.731,2.54,0.858,3.392,2.669,0.107,-0.76,-0.033,-0.033,75.13,90.16,6.93,3.07,4.01
2025-08-16T19:45:00,XOM,94.7483,-0.002282,-7.657,-8.607,2.193,-3.707,2.548,0.86,3.398,2.693,0.109,-0.752,-0.033,-0.033,75.03,90.04,6.91,3.05,4.0
2025-08-16T19:50:00,AAPL,94.5862,-0.006509,-7.633,-8.583,2.217,-3.683,2.556,0.861,3.404,2.717,0.112,-0.744,-0.033,-0.033,75.07,90.09,6.92,3.06,4.01
2025-08-16T19:55:00,MSFT,94.3978,-0.006789,-7.608,-8.558,2.242,-3.658,2.564,0.862,3.41,2.742,0.114,-0.736,-0.033,-0.033,75.17,90.21,6.94,3.07,4.01
2025-08-16T20:00:00,NVDA,94.1149,-0.00779,-7.585,-8.535,2.265,-3.635,2.572,0.863,3.416,2.765,0.117,-0.728,-0.032,-0.032,75.26,90.33,6.97,3.08,4.02
2025-08-16T20:05:00,JPM,94.1279,-0.004653,-7.562,-8.512,2.288,-3.612,2.579,0.864,3.422,2.788,0.119,-0.721,-0.032,-0.032,75.35,90.44,6.99,3.09,4.03
2025-08-16T20:10:00,XOM,93.9004,-0.007206,-7.54,-8.49,2.31,-3.59,2.587,0.865,3.427,2.81,0.121,-0.713,-0.032,-0.032,75.44,90.55,7.01,3.1,4.04
2025-08-16T20:15:00,AAPL,94.0807,-0.002867,-7.52,-8.47,2.33,-3.57,2.593,0.867,3.433,2.83,0.123,-0.707,-0.032,-0.032,75.52,90.65,7.03,3.12,4.04
2025-08-16T20:20:00,MSFT,94.218,-0.003326,-7.501,-8.451,2.349,-3.551,2.6,0.867,3.437,2.849,0.125,-0.7,-0.032,-0.032,75.6,90.75,7.05,3.12,4.05
2025-08-16T20:25:00,NVDA,94.3007,-0.003905,-7.484,-8.434,2.366,-3.534,2.605,0.868,3.442,2.866,0.127,-0.695,-0.031,-0.031,75.66,90.83,7.07,3.13,4.06
2025-08-16T20:30:00,JPM,94.3784,-0.003958,-7.469,-8.419,2.381,-3.519,2.61,0.869,3.445,2.881,0.128,-0.69,-0.031,-0.031,75.72,90.91,7.08,3.14,4.06
2025-08-16T20:35:00,XOM,94.4047,-0.004502,-7.456,-8.406,2.394,-3.506,2.615,0.87,3.448,2.894,0.129,-0.685,-0.031,-0.031,75.78,90.97,7.09,3.15,4.06
2025-08-16T20:40:00,AAPL,94.1483,-0.007496,-7.446,-8.396,2.404,-3.496,2.618,0.87,3.451,2.904,0.13,-0.682,-0.031,-0.031,75.82,91.02,7.1,3.15,4.07
2025-08-16T20:45:00,MSFT,94.4952,-0.001094,-7.438,-8.388,2.412,-3.488,2.621,0.871,3.453,2.912,0.131,-0.679,-0.031,-0.031,75.85,91.06,7.11,3.16,4.07
2025-08-16T20:50:00,NVDA,94.2059,-0.007839,-7.433,-8.383,2.417,-3.483,2.622,0.871,3.454,2.917,0.132,-0.678,-0.031,-0.031,75.87,91.09,7.12,3.16,4.07
2025-08-16T20:55:00,JPM,94.4052,-0.002663,-7.43,-8.38,2.42,-3.48,2.623,0.871,3.455,2.92,0.132,-0.677,-0.031,-0.031,75.88,91.1,7.12,3.16,4.07
2025-08-16T21:00:00,XOM,95.0373,0.001917,-7.43,-8.38,2.42,-3.48,2.623,0.871,3.455,2.92,0.132,-0.677,-0.031,-0.031,75.88,91.1,7.12,3.16,4.07
2025-08-16T21:05:00,AAPL,95.3397,-0.001596,-7.433,-8.383,2.417,-3.483,2.622,0.871,3.454,2.917,0.132,-0.678,-0.031,-0.031,75.87,91.08,7.12,3.16,4.07
2025-08-16T21:10:00,MSFT,95.5741,-0.002321,-7.439,-8.389,2.411,-3.489,2.62,0.871,3.453,2.911,0.131,-0.68,-0.031,-0.031,75.84,91.06,7.11,3.16,4.07
2025-08-16T21:15:00,NVDA,95.5392,-0.005145,-7.447,-8.397,2.403,-3.497,2.618,0.87,3.451,2.903,0.13,-0.682,-0.031,-0.031,75.81,91.01,7.1,3.15,4.07
2025-08-16T21:20:00,JPM,96.0554,0.000623,-7.458,-8.408,2.392,-3.508,2.614,0.87,3.448,2.892,0.129,-0.686,-0.031,-0.031,75.77,90.96,7.09,3.15,4.06
2025-08-16T21:25:00,XOM,95.743,-0.008035,-7.471,-8.421,2.379,-3.521,2.61,0.869,3.445,2.879,0.128,-0.69,-0.031,-0.031,75.72,90.9,7.08,3.14,4.06
