timestamp,symbol,price,return,pnl,equity,earnings_revision_pct,earnings_surprise_pct,revenue_growth_yoy,eps_growth_yoy,free_cash_flow_yield,valuation_percentile,debt_to_ebitda,interest_coverage,alpha_score,expected_return,information_coefficient,rank_ic,weight_error_bps,target_actual_weight_gap_bps,fundamental_age_days,as_of_lag_days,revision_lag_days,action,target_position,target_weight,decision_reason
2025-08-15T15:30:00,AAPL,98.3799,-0.0002,746.0,746.0,0.7,2.3,10.8,13.2,4.7,0.54,1.4,9.4,0.73,1.5,0.078,0.094,7.0,10.0,1.0,0.4,0.3,buy,1.0,0.041,Fundamental alpha score supported the long target.
2025-08-15T15:35:00,MSFT,98.441,-0.000197,816.61,1562.61,0.726,2.326,10.826,13.226,4.709,0.541,1.406,9.426,0.733,1.509,0.078,0.094,7.1,10.1,1.03,0.41,0.31,buy,1.0,0.041,Fundamental alpha score supported the long target.
2025-08-15T15:40:00,NVDA,98.5358,-0.000195,882.88,2445.49,0.751,2.351,10.851,13.251,4.717,0.543,1.413,9.451,0.735,1.517,0.079,0.095,7.2,10.2,1.05,0.43,0.32,buy,1.0,0.041,Fundamental alpha score supported the long target.
2025-08-15T15:45:00,JPM,98.4522,-0.000193,940.75,3386.24,0.775,2.375,10.875,13.275,4.725,0.544,1.419,9.475,0.737,1.525,0.079,0.095,7.3,10.3,1.07,0.44,0.32,buy,1.0,0.041,Fundamental alpha score supported the long target.
2025-08-15T15:50:00,XOM,98.5736,-0.00019,986.67,4372.91,0.797,2.397,10.897,13.297,4.732,0.545,1.424,9.497,0.74,1.532,0.079,0.095,7.39,10.39,1.1,0.45,0.33,buy,1.0,0.041,Fundamental alpha score supported the long target.
2025-08-15T15:55:00,AAPL,98.716,-0.000188,1017.85,5390.76,0.818,2.418,10.918,13.318,4.739,0.546,1.429,9.518,0.742,1.539,0.079,0.095,7.47,10.47,1.12,0.46,0.34,buy,1.0,0.041,Fundamental alpha score supported the long target.
2025-08-15T16:00:00,MSFT,98.9254,-0.000186,1032.37,6423.13,0.836,2.436,10.936,13.336,4.745,0.547,1.434,9.536,0.744,1.545,0.079,0.095,7.54,10.54,1.14,0.47,0.35,buy,1.0,0.041,Fundamental alpha score supported the long target.
2025-08-15T16:05:00,NVDA,98.9566,-0.000185,1029.39,7452.52,0.851,2.451,10.951,13.351,4.75,0.548,1.438,9.551,0.745,1.55,0.08,0.096,7.61,10.61,1.15,0.48,0.35,buy,1.0,0.041,Fundamental alpha score supported the long target.
2025-08-15T16:10:00,JPM,98.8696,-0.000184,1009.12,8461.64,0.864,2.464,10.964,13.364,4.755,0.548,1.441,9.564,0.746,1.555,0.08,0.096,7.66,10.66,1.16,0.48,0.35,buy,1.0,0.041,Fundamental alpha score supported the long target.
2025-08-15T16:15:00,XOM,98.8439,-0.000183,972.84,9434.48,0.873,2.473,10.973,13.373,4.758,0.549,1.443,9.573,0.747,1.558,0.08,0.096,7.69,10.69,1.17,0.49,0.36,buy,1.0,0.041,Fundamental alpha score supported the long target.
2025-08-15T16:20:00,AAPL,99.0151,-0.000182,922.84,10357.32,0.878,2.478,10.978,13.378,4.759,0.549,1.445,9.578,0.748,1.559,0.08,0.096,7.71,10.71,1.18,0.49,0.36,buy,1.0,0.041,Fundamental alpha score supported the long target.
2025-08-15T16:25:00,MSFT,99.2262,-0.000182,862.23,11219.55,0.88,2.48,10.98,13.38,4.76,0.549,1.445,9.58,0.748,1.56,0.08,0.096,7.72,10.72,1.18,0.49,0.36,buy,1.0,0.041,Fundamental alpha score supported the long target.
2025-08-15T16:30:00,NVDA,99.165,-0.000182,794.78,12014.33,0.878,2.478,10.978,13.378,4.759,0.549,1.445,9.578,0.748,1.559,0.08,0.096,7.71,10.71,1.18,0.49,0.36,buy,1.0,0.041,Fundamental alpha score supported the long target.
2025-08-15T16:35:00,JPM,99.2771,-0.000183,724.68,12739.01,0.873,2.473,10.973,13.373,4.758,0.549,1.443,9.573,0.747,1.558,0.08,0.096,7.69,10.69,1.17,0.49,0.36,buy,1.0,0.041,Fundamental alpha score supported the long target.
2025-08-15T16:40:00,XOM,99.4071,-0.000184,656.29,13395.3,0.864,2.464,10.964,13.364,4.755,0.548,1.441,9.564,0.746,1.555,0.08,0.096,7.65,10.65,1.16,0.48,0.35,buy,1.0,0.041,Fundamental alpha score supported the long target.
2025-08-15T16:45:00,AAPL,99.3818,-0.000185,593.83,13989.13,0.851,2.451,10.951,13.351,4.75,0.548,1.438,9.551,0.745,1.55,0.08,0.096,7.61,10.61,1.15,0.48,0.35,buy,1.0,0.041,Fundamental alpha score supported the long target.
2025-08-15T16:50:00,MSFT,99.4028,-0.000186,541.16,14530.29,0.836,2.436,10.936,13.336,4.745,0.547,1.434,9.536,0.744,1.545,0.079,0.095,7.54,10.54,1.14,0.47,0.35,buy,1.0,0.041,Fundamental alpha score supported the long target.
2025-08-15T16:55:00,NVDA,99.3159,-0.000188,501.53,15031.82,0.818,2.418,10.918,13.318,4.739,0.546,1.429,9.518,0.742,1.539,0.079,0.095,7.47,10.47,1.12,0.46,0.34,buy,1.0,0.041,Fundamental alpha score supported the long target.
2025-08-15T17:00:00,JPM,99.3356,-0.00019,477.34,15509.16,0.797,2.397,10.897,13.297,4.732,0.545,1.424,9.497,0.74,1.532,0.079,0.095,7.39,10.39,1.1,0.45,0.33,buy,1.0,0.041,Fundamental alpha score supported the long target.
2025-08-15T17:05:00,XOM,99.2428,-0.000193,470.08,15979.24,0.775,2.375,10.875,13.275,4.725,0.544,1.419,9.475,0.737,1.525,0.079,0.095,7.3,10.3,1.07,0.44,0.32,buy,1.0,0.041,Fundamental alpha score supported the long target.
2025-08-15T17:10:00,AAPL,99.3054,-0.000195,480.13,16459.37,0.751,2.351,10.851,13.251,4.717,0.543,1.413,9.451,0.735,1.517,0.079,0.095,7.2,10.2,1.05,0.43,0.32,buy,1.0,0.041,Fundamental alpha score supported the long target.
2025-08-15T17:15:00,MSFT,99.1602,-0.000197,506.82,16966.19,0.725,2.325,10.825,13.225,4.708,0.541,1.406,9.425,0.733,1.508,0.078,0.094,7.1,10.1,1.03,0.41,0.31,buy,1.0,0.041,Fundamental alpha score supported the long target.
2025-08-15T17:20:00,NVDA,99.1724,-0.0002,548.44,17514.63,0.7,2.3,10.8,13.2,4.7,0.54,1.4,9.4,0.73,1.5,0.078,0.094,7.0,10.0,1.0,0.4,0.3,buy,1.0,0.041,Fundamental alpha score supported the long target.
2025-08-15T17:25:00,JPM,99.2234,-0.000203,602.34,18116.97,0.674,2.274,10.774,13.174,4.691,0.539,1.394,9.374,0.727,1.491,0.078,0.094,7.1,10.1,1.03,0.41,0.31,buy,1.0,0.041,Fundamental alpha score supported the long target.
2025-08-15T17:30:00,XOM,99.2528,-0.000205,665.11,18782.08,0.649,2.249,10.749,13.149,4.683,0.537,1.387,9.349,0.725,1.483,0.077,0.093,7.2,10.2,1.05,0.43,0.32,buy,1.0,0.041,Fundamental alpha score supported the long target.
2025-08-15T17:35:00,AAPL,99.1429,-0.000208,732.81,19514.89,0.625,2.225,10.725,13.125,4.675,0.536,1.381,9.325,0.722,1.475,0.077,0.093,7.3,10.3,1.08,0.44,0.33,buy,1.0,0.041,Fundamental alpha score supported the long target.
2025-08-15T17:40:00,MSFT,99.1137,-0.00021,801.16,20316.05,0.602,2.202,10.702,13.102,4.667,0.535,1.376,9.302,0.72,1.467,0.077,0.093,7.39,10.39,1.1,0.45,0.33,buy,1.0,0.041,Fundamental alpha score supported the long target.
2025-08-15T17:45:00,NVDA,99.0532,-0.000212,865.87,21181.92,0.582,2.182,10.682,13.082,4.661,0.534,1.37,9.282,0.718,1.461,0.077,0.093,7.47,10.47,1.12,0.46,0.34,buy,1.0,0.041,Fundamental alpha score supported the long target.
2025-08-15T17:50:00,JPM,98.925,-0.000214,922.87,22104.79,0.564,2.164,10.664,13.064,4.655,0.533,1.366,9.264,0.716,1.455,0.077,0.093,7.54,10.54,1.14,0.47,0.35,buy,1.0,0.041,Fundamental alpha score supported the long target.
2025-08-15T17:55:00,XOM,98.833,-0.000215,968.58,23073.37,0.548,2.148,10.648,13.048,4.649,0.532,1.362,9.248,0.715,1.449,0.076,0.092,7.61,10.61,1.15,0.48,0.35,buy,1.0,0.041,Fundamental alpha score supported the long target.
2025-08-15T18:00:00,AAPL,98.6928,-0.000216,1000.12,24073.49,0.536,2.136,10.636,13.036,4.645,0.532,1.359,9.236,0.714,1.445,0.076,0.092,7.66,10.66,1.16,0.48,0.35,buy,1.0,0.041,Fundamental alpha score supported the long target.
2025-08-15T18:05:00,MSFT,98.5822,-0.000217,1015.5,25088.99,0.527,2.127,10.627,13.027,4.642,0.531,1.357,9.227,0.713,1.442,0.076,0.092,7.69,10.69,1.17,0.49,0.36,buy,1.0,0.041,Fundamental alpha score supported the long target.
2025-08-15T18:10:00,NVDA,98.3021,-0.000218,1013.75,26102.74,0.522,2.122,10.622,13.022,4.641,0.531,1.355,9.222,0.712,1.441,0.076,0.092,7.71,10.71,1.18,0.49,0.36,buy,1.0,0.041,Fundamental alpha score supported the long target.
2025-08-15T18:15:00,JPM,98.6153,-0.000218,994.97,27097.71,0.52,2.12,10.62,13.02,4.64,0.531,1.355,9.22,0.712,1.44,0.076,0.092,7.72,10.72,1.18,0.49,0.36,buy,1.0,0.041,Fundamental alpha score supported the long target.
2025-08-15T18:20:00,XOM,98.3455,-0.000218,960.31,28058.02,0.522,2.122,10.622,13.022,4.641,0.531,1.355,9.222,0.712,1.441,0.076,0.092,7.71,10.71,1.18,0.49,0.36,buy,1.0,0.041,Fundamental alpha score supported the long target.
2025-08-15T18:25:00,AAPL,98.3949,-0.000217,911.95,28969.97,0.527,2.127,10.627,13.027,4.642,0.531,1.357,9.227,0.713,1.442,0.076,0.092,7.69,10.69,1.17,0.49,0.36,buy,1.0,0.041,Fundamental alpha score supported the long target.
2025-08-15T18:30:00,MSFT,98.3462,-0.000216,852.89,29822.86,0.536,2.136,10.636,13.036,4.645,0.532,1.359,9.236,0.714,1.445,0.076,0.092,7.65,10.65,1.16,0.48,0.35,buy,1.0,0.041,Fundamental alpha score supported the long target.
2025-08-15T18:35:00,NVDA,98.0608,-0.000215,786.83,30609.69,0.549,2.149,10.649,13.049,4.65,0.532,1.362,9.249,0.715,1.45,0.076,0.092,7.6,10.6,1.15,0.48,0.35,buy,1.0,0.041,Fundamental alpha score supported the long target.
2025-08-15T18:40:00,JPM,98.0981,-0.000214,717.9,31327.59,0.564,2.164,10.664,13.064,4.655,0.533,1.366,9.264,0.716,1.455,0.077,0.093,7.54,10.54,1.14,0.47,0.35,buy,1.0,0.041,Fundamental alpha score supported the long target.
2025-08-15T18:45:00,XOM,98.0715,-0.000212,650.42,31978.01,0.582,2.182,10.682,13.082,4.661,0.534,1.371,9.282,0.718,1.461,0.077,0.093,7.47,10.47,1.12,0.46,0.34,buy,1.0,0.041,Fundamental alpha score supported the long target.
2025-08-15T18:50:00,AAPL,98.0597,-0.00021,588.63,32566.64,0.603,2.203,10.703,13.103,4.668,0.535,1.376,9.303,0.72,1.468,0.077,0.093,7.39,10.39,1.1,0.45,0.33,buy,1.0,0.041,Fundamental alpha score supported the long target.
2025-08-15T18:55:00,MSFT,97.8802,-0.000207,536.42,33103.06,0.626,2.226,10.726,13.126,4.675,0.536,1.381,9.326,0.723,1.475,0.077,0.093,7.3,10.3,1.07,0.44,0.32,buy,1.0,0.041,Fundamental alpha score supported the long target.
2025-08-15T19:00:00,NVDA,97.918,-0.000205,497.07,33600.13,0.65,2.25,10.75,13.15,4.683,0.537,1.387,9.35,0.725,1.483,0.077,0.093,7.2,10.2,1.05,0.43,0.32,buy,1.0,0.041,Fundamental alpha score supported the long target.
2025-08-15T19:05:00,JPM,97.8121,-0.000203,473.09,34073.22,0.675,2.275,10.775,13.175,4.692,0.539,1.394,9.375,0.727,1.492,0.078,0.094,7.1,10.1,1.03,0.41,0.31,buy,1.0,0.041,Fundamental alpha score supported the long target.
2025-08-15T19:10:00,XOM,97.6719,-0.0002,466.03,34539.25,0.7,2.3,10.8,13.2,4.7,0.54,1.4,9.4,0.73,1.5,0.078,0.094,7.0,10.0,1.0,0.4,0.3,buy,1.0,0.041,Fundamental alpha score supported the long target.
2025-08-15T19:15:00,AAPL,97.5959,-0.000197,476.37,35015.62,0.726,2.326,10.826,13.226,4.709,0.541,1.407,9.426,0.733,1.509,0.078,0.094,7.1,10.1,1.03,0.41,0.31,buy,1.0,0.041,Fundamental alpha score supported the long target.
2025-08-15T19:20:00,MSFT,97.4763,-0.000195,503.53,35519.15,0.751,2.351,10.851,13.251,4.717,0.543,1.413,9.451,0.735,1.517,0.079,0.095,7.2,10.2,1.05,0.43,0.32,buy,1.0,0.041,Fundamental alpha score supported the long target.
2025-08-15T19:25:00,NVDA,97.2838,-0.000192,545.89,36065.04,0.775,2.375,10.875,13.275,4.725,0.544,1.419,9.475,0.738,1.525,0.079,0.095,7.3,10.3,1.08,0.44,0.33,buy,1.0,0.041,Fundamental alpha score supported the long target.
2025-08-15T19:30:00,JPM,97.1555,-0.00019,600.84,36665.88,0.798,2.398,10.898,13.298,4.733,0.545,1.424,9.498,0.74,1.533,0.079,0.095,7.39,10.39,1.1,0.45,0.33,buy,1.0,0.041,Fundamental alpha score supported the long target.
2025-08-15T19:35:00,XOM,97.3185,-0.000188,665.04,37330.92,0.818,2.418,10.918,13.318,4.739,0.546,1.43,9.518,0.742,1.539,0.079,0.095,7.47,10.47,1.12,0.46,0.34,buy,1.0,0.041,Fundamental alpha score supported the long target.
2025-08-15T19:40:00,AAPL,97.583,-0.000186,734.52,38065.44,0.836,2.436,10.936,13.336,4.745,0.547,1.434,9.536,0.744,1.545,0.079,0.095,7.55,10.55,1.14,0.47,0.35,buy,1.0,0.041,Fundamental alpha score supported the long target.
2025-08-15T19:45:00,MSFT,97.2866,-0.000185,805.02,38870.46,0.852,2.452,10.952,13.352,4.751,0.548,1.438,9.552,0.745,1.551,0.08,0.096,7.61,10.61,1.15,0.48,0.35,buy,1.0,0.041,Fundamental alpha score supported the long target.
2025-08-15T19:50:00,NVDA,97.114,-0.000184,872.17,39742.63,0.864,2.464,10.964,13.364,4.755,0.548,1.441,9.564,0.746,1.555,0.08,0.096,7.66,10.66,1.16,0.48,0.35,buy,1.0,0.041,Fundamental alpha score supported the long target.
2025-08-15T19:55:00,JPM,97.0827,-0.000183,931.84,40674.47,0.873,2.473,10.973,13.373,4.758,0.549,1.443,9.573,0.747,1.558,0.08,0.096,7.69,10.69,1.17,0.49,0.36,buy,1.0,0.041,Fundamental alpha score supported the long target.
2025-08-15T20:00:00,XOM,96.9931,-0.000182,980.33,41654.8,0.878,2.478,10.978,13.378,4.759,0.549,1.445,9.578,0.748,1.559,0.08,0.096,7.71,10.71,1.18,0.49,0.36,buy,1.0,0.041,Fundamental alpha score supported the long target.
2025-08-15T20:05:00,AAPL,97.0813,-0.000182,1014.64,42669.44,0.88,2.48,10.98,13.38,4.76,0.549,1.445,9.58,0.748,1.56,0.08,0.096,7.72,10.72,1.18,0.49,0.36,buy,1.0,0.041,Fundamental alpha score supported the long target.
2025-08-15T20:10:00,MSFT,96.9801,-0.000182,1032.63,43702.07,0.878,2.478,10.978,13.378,4.759,0.549,1.445,9.578,0.748,1.559,0.08,0.096,7.71,10.71,1.18,0.49,0.36,buy,1.0,0.041,Fundamental alpha score supported the long target.
2025-08-15T20:15:00,NVDA,97.2006,-0.000183,1033.19,44735.26,0.873,2.473,10.973,13.373,4.758,0.549,1.443,9.573,0.747,1.558,0.08,0.096,7.69,10.69,1.17,0.49,0.36,buy,1.0,0.041,Fundamental alpha score supported the long target.
2025-08-15T20:20:00,JPM,97.4145,-0.000184,1016.27,45751.53,0.863,2.463,10.963,13.363,4.754,0.548,1.441,9.563,0.746,1.554,0.08,0.096,7.65,10.65,1.16,0.48,0.35,buy,1.0,0.041,Fundamental alpha score supported the long target.
2025-08-15T20:25:00,XOM,97.3926,-0.000185,982.9,46734.43,0.851,2.451,10.951,13.351,4.75,0.548,1.438,9.551,0.745,1.55,0.08,0.096,7.6,10.6,1.15,0.48,0.35,buy,1.0,0.041,Fundamental alpha score supported the long target.
2025-08-15T20:30:00,AAPL,97.4036,-0.000186,935.13,47669.56,0.836,2.436,10.936,13.336,4.745,0.547,1.434,9.536,0.744,1.545,0.079,0.095,7.54,10.54,1.14,0.47,0.35,buy,1.0,0.041,Fundamental alpha score supported the long target.
2025-08-15T20:35:00,MSFT,97.383,-0.000188,875.9,48545.46,0.817,2.417,10.917,13.317,4.739,0.546,1.429,9.517,0.742,1.539,0.079,0.095,7.47,10.47,1.12,0.46,0.34,buy,1.0,0.041,Fundamental alpha score supported the long target.
2025-08-15T20:40:00,NVDA,97.5121,-0.00019,808.84,49354.3,0.797,2.397,10.897,13.297,4.732,0.545,1.424,9.497,0.74,1.532,0.079,0.095,7.39,10.39,1.1,0.45,0.33,buy,1.0,0.041,Fundamental alpha score supported the long target.
2025-08-15T20:45:00,JPM,97.337,-0.000193,738.09,50092.39,0.774,2.374,10.874,13.274,4.725,0.544,1.419,9.474,0.737,1.525,0.079,0.095,7.3,10.3,1.07,0.44,0.32,buy,1.0,0.041,Fundamental alpha score supported the long target.
2025-08-15T20:50:00,XOM,97.249,-0.000195,667.99,50760.38,0.75,2.35,10.85,13.25,4.717,0.543,1.413,9.45,0.735,1.517,0.079,0.095,7.2,10.2,1.05,0.43,0.32,buy,1.0,0.041,Fundamental alpha score supported the long target.
2025-08-15T20:55:00,AAPL,97.3704,-0.000198,602.85,51363.23,0.725,2.325,10.825,13.225,4.708,0.541,1.406,9.425,0.732,1.508,0.078,0.094,7.1,10.1,1.02,0.41,0.31,buy,1.0,0.041,Fundamental alpha score supported the long target.
2025-08-15T21:00:00,MSFT,97.2284,-0.0002,546.66,51909.89,0.699,2.299,10.799,13.199,4.7,0.54,1.4,9.399,0.73,1.5,0.078,0.094,7.0,10.0,1.0,0.4,0.3,buy,1.0,0.041,Fundamental alpha score supported the long target.
2025-08-15T21:05:00,NVDA,97.3116,-0.000203,502.87,52412.76,0.674,2.274,10.774,13.174,4.691,0.539,1.393,9.374,0.727,1.491,0.078,0.094,7.11,10.11,1.03,0.41,0.31,buy,1.0,0.041,Fundamental alpha score supported the long target.
2025-08-15T21:10:00,JPM,97.1393,-0.000205,474.14,52886.9,0.649,2.249,10.749,13.149,4.683,0.537,1.387,9.349,0.725,1.483,0.077,0.093,7.21,10.21,1.05,0.43,0.32,buy,1.0,0.041,Fundamental alpha score supported the long target.
2025-08-15T21:15:00,XOM,96.9359,-0.000208,462.19,53349.09,0.625,2.225,10.725,13.125,4.675,0.536,1.381,9.325,0.722,1.475,0.077,0.093,7.3,10.3,1.08,0.44,0.33,buy,1.0,0.041,Fundamental alpha score supported the long target.
2025-08-15T21:20:00,AAPL,96.9753,-0.00021,467.73,53816.82,0.602,2.202,10.702,13.102,4.667,0.535,1.376,9.302,0.72,1.467,0.077,0.093,7.39,10.39,1.1,0.45,0.33,buy,1.0,0.041,Fundamental alpha score supported the long target.
2025-08-15T21:25:00,MSFT,96.7939,-0.000212,490.36,54307.18,0.582,2.182,10.682,13.082,4.661,0.534,1.37,9.282,0.718,1.461,0.077,0.093,7.47,10.47,1.12,0.46,0.34,buy,1.0,0.041,Fundamental alpha score supported the long target.
2025-08-15T21:30:00,NVDA,97.1603,-0.000214,528.62,54835.8,0.563,2.163,10.663,13.063,4.654,0.533,1.366,9.263,0.716,1.454,0.077,0.093,7.55,10.55,1.14,0.47,0.35,buy,1.0,0.041,Fundamental alpha score supported the long target.
2025-08-15T21:35:00,JPM,97.0596,-0.000215,580.11,55415.91,0.548,2.148,10.648,13.048,4.649,0.532,1.362,9.248,0.715,1.449,0.076,0.092,7.61,10.61,1.15,0.48,0.35,buy,1.0,0.041,Fundamental alpha score supported the long target.
2025-08-15T21:40:00,XOM,96.9615,-0.000216,641.57,56057.48,0.536,2.136,10.636,13.036,4.645,0.532,1.359,9.236,0.714,1.445,0.076,0.092,7.66,10.66,1.16,0.48,0.35,buy,1.0,0.041,Fundamental alpha score supported the long target.
2025-08-15T21:45:00,AAPL,97.5338,-0.000217,709.18,56766.66,0.527,2.127,10.627,13.027,4.642,0.531,1.357,9.227,0.713,1.442,0.076,0.092,7.69,10.69,1.17,0.49,0.36,buy,1.0,0.041,Fundamental alpha score supported the long target.
2025-08-15T21:50:00,MSFT,97.1976,-0.000218,778.7,57545.36,0.522,2.122,10.622,13.022,4.641,0.531,1.355,9.222,0.712,1.441,0.076,0.092,7.71,10.71,1.18,0.49,0.36,buy,1.0,0.041,Fundamental alpha score supported the long target.
2025-08-15T21:55:00,NVDA,97.282,-0.000218,845.79,58391.15,0.52,2.12,10.62,13.02,4.64,0.531,1.355,9.22,0.712,1.44,0.076,0.092,7.72,10.72,1.18,0.49,0.36,buy,1.0,0.041,Fundamental alpha score supported the long target.
2025-08-15T22:00:00,JPM,97.1077,-0.000218,906.29,59297.44,0.522,2.122,10.622,13.022,4.641,0.531,1.355,9.222,0.712,1.441,0.076,0.092,7.71,10.71,1.18,0.49,0.36,buy,1.0,0.041,Fundamental alpha score supported the long target.
2025-08-15T22:05:00,XOM,97.0861,-0.000217,956.44,60253.88,0.528,2.128,10.628,13.028,4.643,0.531,1.357,9.228,0.713,1.443,0.076,0.092,7.69,10.69,1.17,0.49,0.36,buy,1.0,0.041,Fundamental alpha score supported the long target.
2025-08-15T22:10:00,AAPL,97.4233,-0.000216,993.13,61247.01,0.537,2.137,10.637,13.037,4.646,0.532,1.359,9.237,0.714,1.446,0.076,0.092,7.65,10.65,1.16,0.48,0.35,buy,1.0,0.041,Fundamental alpha score supported the long target.
2025-08-15T22:15:00,MSFT,97.8059,-0.000215,1014.1,62261.11,0.549,2.149,10.649,13.049,4.65,0.532,1.362,9.249,0.715,1.45,0.076,0.092,7.6,10.6,1.15,0.48,0.35,buy,1.0,0.041,Fundamental alpha score supported the long target.
2025-08-15T22:20:00,NVDA,97.5958,-0.000214,1018.07,63279.18,0.565,2.165,10.665,13.065,4.655,0.533,1.366,9.265,0.716,1.455,0.077,0.093,7.54,10.54,1.14,0.47,0.35,buy,1.0,0.041,Fundamental alpha score supported the long target.
2025-08-15T22:25:00,JPM,97.737,-0.000212,1004.83,64284.01,0.583,2.183,10.683,13.083,4.661,0.534,1.371,9.283,0.718,1.461,0.077,0.093,7.47,10.47,1.12,0.46,0.34,buy,1.0,0.041,Fundamental alpha score supported the long target.
2025-08-15T22:30:00,XOM,98.1201,-0.00021,975.24,65259.25,0.603,2.203,10.703,13.103,4.668,0.535,1.376,9.303,0.72,1.468,0.077,0.093,7.39,10.39,1.1,0.45,0.33,buy,1.0,0.041,Fundamental alpha score supported the long target.
2025-08-15T22:35:00,AAPL,98.0316,-0.000207,931.19,66190.44,0.626,2.226,10.726,13.126,4.675,0.536,1.382,9.326,0.723,1.475,0.077,0.093,7.3,10.3,1.07,0.44,0.32,buy,1.0,0.041,Fundamental alpha score supported the long target.
2025-08-15T22:40:00,MSFT,97.6851,-0.000205,875.47,67065.91,0.65,2.25,10.75,13.15,4.683,0.538,1.388,9.35,0.725,1.483,0.078,0.094,7.2,10.2,1.05,0.42,0.32,buy,1.0,0.041,Fundamental alpha score supported the long target.
2025-08-15T22:45:00,NVDA,97.0137,-0.000202,811.58,67877.49,0.675,2.275,10.775,13.175,4.692,0.539,1.394,9.375,0.728,1.492,0.078,0.094,7.1,10.1,1.02,0.41,0.31,buy,1.0,0.041,Fundamental alpha score supported the long target.
2025-08-15T22:50:00,JPM,96.4116,-0.0002,743.57,68621.06,0.701,2.301,10.801,13.201,4.7,0.54,1.4,9.401,0.73,1.5,0.078,0.094,7.0,10.0,1.0,0.4,0.3,buy,1.0,0.041,Fundamental alpha score supported the long target.
2025-08-15T22:55:00,XOM,96.5849,-0.000197,675.71,69296.77,0.727,2.327,10.827,13.227,4.709,0.541,1.407,9.427,0.733,1.509,0.078,0.094,7.11,10.11,1.03,0.41,0.31,buy,1.0,0.041,Fundamental alpha score supported the long target.
2025-08-15T23:00:00,AAPL,96.7261,-0.010995,-7203.73,62093.04,-6.748,-6.648,2.052,-5.248,4.717,0.543,1.413,9.452,0.735,1.517,0.079,0.095,7.21,10.21,1.05,0.43,0.32,buy,1.0,0.041,Existing long target remained in place while the growth evidence deteriorated.
2025-08-15T23:05:00,MSFT,96.4375,-0.014992,-8838.73,53254.31,0.776,2.376,10.876,13.276,4.725,0.544,1.419,9.476,0.118,0.425,-0.031,-0.055,7.3,10.3,1.08,0.44,0.33,buy,1.0,0.023,The model still held the name although the alpha ranking was decaying.
2025-08-15T23:10:00,NVDA,96.6216,-0.00099,-11101.84,42152.47,0.798,2.398,10.898,13.298,4.733,0.545,1.425,9.498,0.74,1.533,0.079,0.095,101.39,118.39,1.1,0.45,0.33,buy,1.0,0.041,Target remained positive; realised weight diverged from the recorded target.
2025-08-15T23:15:00,JPM,96.6876,-0.002988,-7770.32,34382.15,0.819,2.419,10.919,13.319,4.74,0.546,1.43,9.519,0.742,1.54,0.079,0.095,7.47,10.47,10.62,5.16,2.44,buy,1.0,0.041,The decision used an older recorded fundamental snapshot.
2025-08-15T23:20:00,XOM,96.5224,-0.009986,-7022.36,27359.79,0.837,2.437,10.937,13.337,4.746,0.547,4.534,2.737,0.744,1.546,0.079,0.095,7.55,10.55,1.14,0.47,0.35,buy,1.0,0.041,The existing long target remained despite worsening debt-service risk.
2025-08-15T23:25:00,AAPL,96.3379,-0.010985,-7337.16,20022.63,-6.648,-6.548,2.152,-5.148,4.751,0.548,1.438,9.552,0.745,1.551,0.08,0.096,7.61,10.61,1.15,0.48,0.35,buy,1.0,0.041,Existing long target remained in place while the growth evidence deteriorated.
2025-08-15T23:30:00,MSFT,96.4727,-0.014984,-8895.03,11127.6,0.864,2.464,10.964,13.364,4.755,0.548,1.441,9.564,0.126,0.455,-0.03,-0.054,7.66,10.66,1.16,0.48,0.35,buy,1.0,0.023,The model still held the name although the alpha ranking was decaying.
2025-08-15T23:35:00,NVDA,96.6271,-0.000983,-11077.3,50.3,0.873,2.473,10.973,13.373,4.758,0.549,1.443,9.573,0.747,1.558,0.08,0.096,101.69,118.69,1.17,0.49,0.36,buy,1.0,0.041,Target remained positive; realised weight diverged from the recorded target.
2025-08-15T23:40:00,JPM,96.2444,-0.002982,-7666.31,-7616.01,0.878,2.478,10.978,13.378,4.759,0.549,1.445,9.578,0.748,1.559,0.08,0.096,7.71,10.71,10.68,5.19,2.46,buy,1.0,0.041,The decision used an older recorded fundamental snapshot.
2025-08-15T23:45:00,XOM,95.661,-0.009982,-6845.21,-14461.22,0.88,2.48,10.98,13.38,4.76,0.549,4.545,2.78,0.748,1.56,0.08,0.096,7.72,10.72,1.18,0.49,0.36,buy,1.0,0.041,The existing long target remained despite worsening debt-service risk.
2025-08-15T23:50:00,AAPL,95.9163,-0.010982,-7097.8,-21559.02,-6.622,-6.522,2.178,-5.122,4.759,0.549,1.445,9.578,0.748,1.559,0.08,0.096,7.71,10.71,1.18,0.49,0.36,buy,1.0,0.041,Existing long target remained in place while the growth evidence deteriorated.
2025-08-15T23:55:00,MSFT,96.0549,-0.014983,-8608.28,-30167.3,0.872,2.472,10.972,13.372,4.757,0.549,1.443,9.572,0.127,0.457,-0.03,-0.054,7.69,10.69,1.17,0.49,0.36,buy,1.0,0.023,The model still held the name although the alpha ranking was decaying.
2025-08-16T00:00:00,NVDA,95.9335,-0.000984,-10760.97,-40928.27,0.863,2.463,10.963,13.363,4.754,0.548,1.441,9.563,0.746,1.554,0.08,0.096,101.65,118.65,1.16,0.48,0.35,buy,1.0,0.041,Target remained positive; realised weight diverged from the recorded target.
2025-08-16T00:05:00,JPM,95.6446,-0.002985,-7340.09,-48268.36,0.851,2.451,10.951,13.351,4.75,0.548,1.438,9.551,0.745,1.55,0.08,0.096,7.6,10.6,10.65,5.18,2.45,buy,1.0,0.041,The decision used an older recorded fundamental snapshot.
2025-08-16T00:10:00,XOM,95.4465,-0.009986,-6529.45,-54797.81,0.835,2.435,10.935,13.335,4.745,0.547,4.534,2.735,0.744,1.545,0.079,0.095,7.54,10.54,1.14,0.47,0.35,buy,1.0,0.041,The existing long target remained despite worsening debt-service risk.
2025-08-16T00:15:00,AAPL,95.4385,-0.010988,-6812.22,-61610.03,-6.683,-6.583,2.117,-5.183,4.739,0.546,1.429,9.517,0.742,1.539,0.079,0.095,7.47,10.47,1.12,0.46,0.34,buy,1.0,0.041,Existing long target remained in place while the growth evidence deteriorated.
2025-08-16T00:20:00,MSFT,95.4329,-0.01499,-8370.77,-69980.8,0.796,2.396,10.896,13.296,4.732,0.545,1.424,9.496,0.12,0.432,-0.031,-0.055,7.39,10.39,1.1,0.45,0.33,buy,1.0,0.023,The model still held the name although the alpha ranking was decaying.
2025-08-16T00:25:00,NVDA,95.7023,-0.000993,-10586.47,-80567.27,0.774,2.374,10.874,13.274,4.725,0.544,1.418,9.474,0.737,1.525,0.079,0.095,101.3,118.3,1.07,0.44,0.32,buy,1.0,0.041,Target remained positive; realised weight diverged from the recorded target.
2025-08-16T00:30:00,JPM,95.9658,-0.002995,-7239.63,-87806.9,0.75,2.35,10.85,13.25,4.717,0.542,1.412,9.45,0.735,1.517,0.078,0.094,7.2,10.2,10.55,5.12,2.42,buy,1.0,0.041,The decision used an older recorded fundamental snapshot.
2025-08-16T00:35:00,XOM,96.0236,-0.009998,-6509.5,-94316.4,0.724,2.324,10.824,13.224,4.708,0.541,4.506,2.624,0.732,1.508,0.078,0.094,7.1,10.1,1.02,0.41,0.31,buy,1.0,0.041,The existing long target remained despite worsening debt-service risk.
2025-08-16T00:40:00,AAPL,95.5081,-0.011,-6874.27,-101190.67,-6.801,-6.701,1.999,-5.301,4.7,0.54,1.4,9.399,0.73,1.5,0.078,0.094,7.0,10.0,1.0,0.4,0.3,buy,1.0,0.041,Existing long target remained in place while the growth evidence deteriorated.
2025-08-16T00:45:00,MSFT,95.5783,-0.015003,-8511.21,-109701.88,0.673,2.273,10.773,13.173,4.691,0.539,1.393,9.373,0.107,0.391,-0.032,-0.056,7.11,10.11,1.03,0.41,0.31,buy,1.0,0.023,The model still held the name although the alpha ranking was decaying.
2025-08-16T00:50:00,NVDA,95.4274,-0.001005,-10796.84,-120498.72,0.648,2.248,10.748,13.148,4.683,0.537,1.387,9.348,0.725,1.483,0.077,0.093,101.21,118.21,1.05,0.43,0.32,buy,1.0,0.041,Target remained positive; realised weight diverged from the recorded target.
2025-08-16T00:55:00,JPM,95.4572,-0.003008,-7507.13,-128005.85,0.624,2.224,10.724,13.124,4.675,0.536,1.381,9.324,0.722,1.475,0.077,0.093,7.3,10.3,10.58,5.14,2.43,buy,1.0,0.041,The decision used an older recorded fundamental snapshot.
2025-08-16T01:00:00,XOM,95.8567,-0.01001,-6817.76,-134823.61,0.602,2.202,10.702,13.102,4.667,0.535,4.475,2.502,0.72,1.467,0.077,0.093,7.39,10.39,1.1,0.45,0.33,buy,1.0,0.041,The existing long target remained despite worsening debt-service risk.
2025-08-16T01:05:00,AAPL,95.9961,-0.011012,-7204.4,-142028.01,-6.919,-6.819,1.881,-5.419,4.66,0.534,1.37,9.281,0.718,1.46,0.077,0.093,7.48,10.48,1.12,0.46,0.34,buy,1.0,0.041,Existing long target remained in place while the growth evidence deteriorated.
2025-08-16T01:10:00,MSFT,95.8088,-0.015014,-8842.93,-150870.94,0.563,2.163,10.663,13.063,4.654,0.533,1.366,9.263,0.096,0.354,-0.033,-0.057,7.55,10.55,1.14,0.47,0.35,buy,1.0,0.023,The model still held the name although the alpha ranking was decaying.
2025-08-16T01:15:00,NVDA,95.3966,-0.001015,-11109.77,-161980.71,0.548,2.148,10.648,13.048,4.649,0.532,1.362,9.248,0.715,1.449,0.076,0.092,101.61,118.61,1.15,0.48,0.35,buy,1.0,0.041,Target remained positive; realised weight diverged from the recorded target.
2025-08-16T01:20:00,JPM,95.0282,-0.003016,-7782.03,-169762.74,0.536,2.136,10.636,13.036,4.645,0.532,1.359,9.236,0.714,1.445,0.076,0.092,7.66,10.66,10.66,5.18,2.45,buy,1.0,0.041,The decision used an older recorded fundamental snapshot.
2025-08-16T01:25:00,XOM,95.0722,-0.010017,-7037.73,-176800.47,0.527,2.127,10.627,13.027,4.642,0.531,4.457,2.427,0.713,1.442,0.076,0.092,7.69,10.69,1.17,0.49,0.36,buy,1.0,0.041,The existing long target remained despite worsening debt-service risk.
2025-08-16T01:30:00,AAPL,95.4529,-0.011018,-7355.92,-184156.39,-6.978,-6.878,1.822,-5.478,4.641,0.531,1.355,9.222,0.712,1.441,0.076,0.092,7.71,10.71,1.18,0.49,0.36,buy,1.0,0.041,Existing long target remained in place while the growth evidence deteriorated.
2025-08-16T01:35:00,MSFT,95.3041,-0.015018,-8916.72,-193073.11,0.52,2.12,10.62,13.02,4.64,0.531,1.355,9.22,0.092,0.34,-0.034,-0.058,7.72,10.72,1.18,0.49,0.36,buy,1.0,0.023,The model still held the name although the alpha ranking was decaying.
2025-08-16T01:40:00,NVDA,95.3128,-0.001018,-11101.33,-204174.44,0.522,2.122,10.622,13.022,4.641,0.531,1.356,9.222,0.712,1.441,0.076,0.092,101.71,118.71,1.18,0.49,0.36,buy,1.0,0.041,Target remained positive; realised weight diverged from the recorded target.
2025-08-16T01:45:00,JPM,95.605,-0.003017,-7691.94,-211866.38,0.528,2.128,10.628,13.028,4.643,0.531,1.357,9.228,0.713,1.443,0.076,0.092,7.69,10.69,10.67,5.19,2.46,buy,1.0,0.041,The decision used an older recorded fundamental snapshot.
2025-08-16T01:50:00,XOM,95.5907,-0.010016,-6871.62,-218738.0,0.537,2.137,10.637,13.037,4.646,0.532,4.459,2.437,0.714,1.446,0.076,0.092,7.65,10.65,1.16,0.48,0.35,buy,1.0,0.041,The existing long target remained despite worsening debt-service risk.
2025-08-16T01:55:00,AAPL,95.821,-0.011015,-7124.08,-225862.08,-6.951,-6.851,1.849,-5.451,4.65,0.532,1.362,9.249,0.715,1.45,0.076,0.092,7.6,10.6,1.15,0.48,0.35,buy,1.0,0.041,Existing long target remained in place while the growth evidence deteriorated.
2025-08-16T02:00:00,MSFT,95.8945,-0.015014,-8633.52,-234495.6,0.565,2.165,10.665,13.065,4.655,0.533,1.366,9.265,0.096,0.355,-0.033,-0.057,7.54,10.54,1.14,0.47,0.35,buy,1.0,0.023,The model still held the name although the alpha ranking was decaying.
2025-08-16T02:05:00,NVDA,95.9378,-0.001012,-10784.27,-245279.87,0.583,2.183,10.683,13.083,4.661,0.534,1.371,9.283,0.718,1.461,0.077,0.093,101.47,118.47,1.12,0.46,0.34,buy,1.0,0.041,Target remained positive; realised weight diverged from the recorded target.
2025-08-16T02:10:00,JPM,95.562,-0.00301,-7360.6,-252640.47,0.604,2.204,10.704,13.104,4.668,0.535,1.376,9.304,0.72,1.468,0.077,0.093,7.38,10.38,10.6,5.15,2.43,buy,1.0,0.041,The decision used an older recorded fundamental snapshot.
2025-08-16T02:15:00,XOM,95.7932,-0.010007,-6546.44,-259186.91,0.626,2.226,10.726,13.126,4.675,0.536,4.482,2.526,0.723,1.475,0.077,0.093,7.29,10.29,1.07,0.44,0.32,buy,1.0,0.041,The existing long target remained despite worsening debt-service risk.
2025-08-16T02:20:00,AAPL,95.4291,-0.011005,-6825.09,-266012.0,-6.849,-6.749,1.951,-5.349,4.684,0.538,1.388,9.351,0.725,1.484,0.078,0.094,7.2,10.2,1.05,0.42,0.32,buy,1.0,0.041,Existing long target remained in place while the growth evidence deteriorated.
2025-08-16T02:25:00,MSFT,95.594,-0.015002,-8379.07,-274391.07,0.676,2.276,10.776,13.176,4.692,0.539,1.394,9.376,0.108,0.392,-0.032,-0.056,7.1,10.1,1.02,0.41,0.31,buy,1.0,0.023,The model still held the name although the alpha ranking was decaying.
2025-08-16T02:30:00,NVDA,95.3092,-0.001,-10589.95,-284981.02,0.701,2.301,10.801,13.201,4.7,0.54,1.4,9.401,0.73,1.5,0.078,0.094,101.01,118.01,1.0,0.4,0.3,buy,1.0,0.041,Target remained positive; realised weight diverged from the recorded target.
2025-08-16T02:35:00,JPM,95.3436,-0.002997,-7238.25,-292219.27,0.727,2.327,10.827,13.227,4.709,0.541,1.407,9.427,0.733,1.509,0.078,0.094,7.11,10.11,10.53,5.11,2.41,buy,1.0,0.041,The decision used an older recorded fundamental snapshot.
2025-08-16T02:40:00,XOM,95.3113,-0.009995,-6503.37,-298722.64,0.752,2.352,10.852,13.252,4.717,0.543,4.513,2.652,0.735,1.517,0.079,0.095,7.21,10.21,1.05,0.43,0.32,buy,1.0,0.041,The existing long target remained despite worsening debt-service risk.
2025-08-16T02:45:00,AAPL,95.1375,-0.010992,-6863.72,-305586.36,-6.724,-6.624,2.076,-5.224,4.725,0.544,1.419,9.476,0.738,1.525,0.079,0.095,7.3,10.3,1.08,0.44,0.33,buy,1.0,0.041,Existing long target remained in place while the growth evidence deteriorated.
2025-08-16T02:50:00,MSFT,95.2291,-0.01499,-8496.74,-314083.1,0.798,2.398,10.898,13.298,4.733,0.545,1.425,9.498,0.12,0.433,-0.031,-0.055,7.39,10.39,1.1,0.45,0.33,buy,1.0,0.023,The model still held the name although the alpha ranking was decaying.
2025-08-16T02:55:00,NVDA,95.2292,-0.000988,-10779.06,-324862.16,0.819,2.419,10.919,13.319,4.74,0.546,1.43,9.519,0.742,1.54,0.079,0.095,101.48,118.48,1.12,0.46,0.34,buy,1.0,0.041,Target remained positive; realised weight diverged from the recorded target.
2025-08-16T03:00:00,JPM,95.5237,-0.002986,-7486.78,-332348.94,0.837,2.437,10.937,13.337,4.746,0.547,1.434,9.537,0.744,1.546,0.079,0.095,7.55,10.55,10.64,5.17,2.45,buy,1.0,0.041,The decision used an older recorded fundamental snapshot.
2025-08-16T03:05:00,XOM,95.4452,-0.009985,-6795.65,-339144.59,0.852,2.452,10.952,13.352,4.751,0.548,4.538,2.752,0.745,1.551,0.08,0.096,7.61,10.61,1.15,0.48,0.35,buy,1.0,0.041,The existing long target remained despite worsening debt-service risk.
2025-08-16T03:10:00,AAPL,95.4065,-0.010984,-7181.35,-346325.94,-6.636,-6.536,2.164,-5.136,4.755,0.548,1.441,9.564,0.746,1.555,0.08,0.096,7.66,10.66,1.16,0.48,0.35,buy,1.0,0.041,Existing long target remained in place while the growth evidence deteriorated.
2025-08-16T03:15:00,MSFT,95.4663,-0.014983,-8819.76,-355145.7,0.873,2.473,10.973,13.373,4.758,0.549,1.443,9.573,0.127,0.458,-0.03,-0.054,7.69,10.69,1.17,0.49,0.36,buy,1.0,0.023,The model still held the name although the alpha ranking was decaying.
2025-08-16T03:20:00,NVDA,95.3763,-0.000982,-11087.25,-366232.95,0.878,2.478,10.978,13.378,4.759,0.549,1.445,9.578,0.748,1.559,0.08,0.096,101.71,118.71,1.18,0.49,0.36,buy,1.0,0.041,Target remained positive; realised weight diverged from the recorded target.
2025-08-16T03:25:00,JPM,95.6383,-0.002982,-7760.84,-373993.79,0.88,2.48,10.98,13.38,4.76,0.549,1.445,9.58,0.748,1.56,0.08,0.096,7.72,10.72,10.68,5.19,2.46,buy,1.0,0.041,The decision used an older recorded fundamental snapshot.
2025-08-16T03:30:00,XOM,95.5592,-0.009982,-7018.44,-381012.23,0.878,2.478,10.978,13.378,4.759,0.549,4.544,2.778,0.748,1.559,0.08,0.096,7.71,10.71,1.18,0.49,0.36,buy,1.0,0.041,The existing long target remained despite worsening debt-service risk.
2025-08-16T03:35:00,AAPL,95.1413,-0.010983,-7338.97,-388351.2,-6.628,-6.528,2.172,-5.128,4.757,0.549,1.443,9.572,0.747,1.557,0.08,0.096,7.69,10.69,1.17,0.49,0.36,buy,1.0,0.041,Existing long target remained in place while the growth evidence deteriorated.
2025-08-16T03:40:00,MSFT,95.3286,-0.014984,-8902.4,-397253.6,0.863,2.463,10.963,13.363,4.754,0.548,1.441,9.563,0.126,0.454,-0.03,-0.054,7.65,10.65,1.16,0.48,0.35,buy,1.0,0.023,The model still held the name although the alpha ranking was decaying.
2025-08-16T03:45:00,NVDA,95.2394,-0.000985,-11089.78,-408343.38,0.851,2.451,10.951,13.351,4.75,0.548,1.438,9.551,0.745,1.55,0.08,0.096,101.6,118.6,1.15,0.48,0.35,buy,1.0,0.041,Target remained positive; realised weight diverged from the recorded target.
2025-08-16T03:50:00,JPM,95.4018,-0.002986,-7683.17,-416026.55,0.835,2.435,10.935,13.335,4.745,0.547,1.434,9.535,0.744,1.545,0.079,0.095,7.54,10.54,10.64,5.17,2.45,buy,1.0,0.041,The decision used an older recorded fundamental snapshot.
2025-08-16T03:55:00,XOM,95.9274,-0.009988,-6865.5,-422892.05,0.817,2.417,10.917,13.317,4.739,0.546,4.529,2.717,0.742,1.539,0.079,0.095,7.47,10.47,1.12,0.46,0.34,buy,1.0,0.041,The existing long target remained despite worsening debt-service risk.
2025-08-16T04:00:00,AAPL,96.0,-0.01099,-7120.39,-430012.44,-6.704,-6.604,2.096,-5.204,4.732,0.545,1.424,9.496,0.74,1.532,0.079,0.095,7.38,10.38,1.1,0.45,0.33,buy,1.0,0.041,Existing long target remained in place while the growth evidence deteriorated.
2025-08-16T04:05:00,MSFT,96.0629,-0.014993,-8631.94,-438644.38,0.773,2.373,10.873,13.273,4.724,0.544,1.418,9.473,0.117,0.424,-0.031,-0.055,7.29,10.29,1.07,0.44,0.32,buy,1.0,0.023,The model still held the name although the alpha ranking was decaying.
2025-08-16T04:10:00,NVDA,95.7054,-0.000995,-10784.46,-449428.84,0.749,2.349,10.849,13.249,4.716,0.542,1.412,9.449,0.735,1.516,0.078,0.094,101.2,118.2,1.05,0.42,0.32,buy,1.0,0.041,Target remained positive; realised weight diverged from the recorded target.
2025-08-16T04:15:00,JPM,95.7922,-0.002998,-7362.19,-456791.03,0.724,2.324,10.824,13.224,4.708,0.541,1.406,9.424,0.732,1.508,0.078,0.094,7.1,10.1,10.52,5.11,2.41,buy,1.0,0.041,The decision used an older recorded fundamental snapshot.
2025-08-16T04:20:00,XOM,95.8015,-0.01,-6549.05,-463340.08,0.698,2.298,10.798,13.198,4.699,0.54,4.5,2.598,0.73,1.499,0.078,0.094,7.01,10.01,1.0,0.4,0.3,buy,1.0,0.041,The existing long target remained despite worsening debt-service risk.
2025-08-16T04:25:00,AAPL,96.034,-0.011003,-6828.41,-470168.49,-6.827,-6.727,1.973,-5.327,4.691,0.539,1.393,9.373,0.727,1.491,0.078,0.094,7.11,10.11,1.03,0.41,0.31,buy,1.0,0.041,Existing long target remained in place while the growth evidence deteriorated.
2025-08-16T04:30:00,MSFT,96.2031,-0.015005,-8382.85,-478551.34,0.648,2.248,10.748,13.148,4.683,0.537,1.387,9.348,0.105,0.383,-0.033,-0.057,7.21,10.21,1.05,0.43,0.32,buy,1.0,0.023,The model still held the name although the alpha ranking was decaying.
2025-08-16T04:35:00,NVDA,96.2424,-0.001008,-10594.02,-489145.36,0.624,2.224,10.724,13.124,4.675,0.536,1.381,9.324,0.722,1.475,0.077,0.093,101.3,118.3,1.08,0.44,0.33,buy,1.0,0.041,Target remained positive; realised weight diverged from the recorded target.
2025-08-16T04:40:00,JPM,96.4297,-0.00301,-7242.51,-496387.87,0.601,2.201,10.701,13.101,4.667,0.535,1.375,9.301,0.72,1.467,0.077,0.093,7.39,10.39,10.6,5.15,2.43,buy,1.0,0.041,The decision used an older recorded fundamental snapshot.
2025-08-16T04:45:00,XOM,96.4656,-0.010012,-6507.85,-502895.72,0.581,2.181,10.681,13.081,4.66,0.534,4.47,2.481,0.718,1.46,0.077,0.093,7.48,10.48,1.12,0.46,0.34,buy,1.0,0.041,The existing long target remained despite worsening debt-service risk.
2025-08-16T04:50:00,AAPL,96.7861,-0.011014,-6868.5,-509764.22,-6.937,-6.837,1.863,-5.437,4.654,0.533,1.366,9.263,0.716,1.454,0.077,0.093,7.55,10.55,1.14,0.47,0.35,buy,1.0,0.041,Existing long target remained in place while the growth evidence deteriorated.
2025-08-16T04:55:00,MSFT,96.8841,-0.015015,-8501.98,-518266.2,0.548,2.148,10.648,13.048,4.649,0.532,1.362,9.248,0.095,0.349,-0.034,-0.058,7.61,10.61,1.15,0.48,0.35,buy,1.0,0.023,The model still held the name although the alpha ranking was decaying.
2025-08-16T05:00:00,NVDA,96.7141,-0.001016,-10784.99,-529051.19,0.536,2.136,10.636,13.036,4.645,0.532,1.359,9.236,0.714,1.445,0.076,0.092,101.66,118.66,1.16,0.48,0.35,buy,1.0,0.041,Target remained positive; realised weight diverged from the recorded target.
2025-08-16T05:05:00,JPM,96.4503,-0.003017,-7493.64,-536544.83,0.527,2.127,10.627,13.027,4.642,0.531,1.357,9.227,0.713,1.442,0.076,0.092,7.69,10.69,10.67,5.19,2.46,buy,1.0,0.041,The decision used an older recorded fundamental snapshot.
2025-08-16T05:10:00,XOM,96.0794,-0.010018,-6803.69,-543348.52,0.522,2.122,10.622,13.022,4.641,0.531,4.455,2.422,0.712,1.441,0.076,0.092,7.71,10.71,1.18,0.49,0.36,buy,1.0,0.041,The existing long target remained despite worsening debt-service risk.
2025-08-16T05:15:00,AAPL,96.2665,-0.011018,-7190.79,-550539.31,-6.98,-6.88,1.82,-5.48,4.64,0.531,1.355,9.22,0.712,1.44,0.076,0.092,7.72,10.72,1.18,0.49,0.36,buy,1.0,0.041,Existing long target remained in place while the growth evidence deteriorated.
2025-08-16T05:20:00,MSFT,96.2587,-0.015018,-8830.77,-559370.08,0.522,2.122,10.622,13.022,4.641,0.531,1.356,9.222,0.092,0.341,-0.034,-0.058,7.71,10.71,1.18,0.49,0.36,buy,1.0,0.023,The model still held the name although the alpha ranking was decaying.
2025-08-16T05:25:00,NVDA,95.8471,-0.001017,-11099.9,-570469.98,0.528,2.128,10.628,13.028,4.643,0.531,1.357,9.228,0.713,1.443,0.076,0.092,101.69,118.69,1.17,0.49,0.36,buy,1.0,0.041,Target remained positive; realised weight diverged from the recorded target.
2025-08-16T05:30:00,JPM,95.546,-0.003016,-7775.1,-578245.08,0.537,2.137,10.637,13.037,4.646,0.532,1.359,9.237,0.714,1.446,0.076,0.092,7.65,10.65,10.66,5.18,2.45,buy,1.0,0.041,The decision used an older recorded fundamental snapshot.
2025-08-16T05:35:00,XOM,95.614,-0.010015,-7034.18,-585279.26,0.55,2.15,10.65,13.05,4.65,0.532,4.462,2.45,0.715,1.45,0.076,0.092,7.6,10.6,1.15,0.48,0.35,buy,1.0,0.041,The existing long target remained despite worsening debt-service risk.
2025-08-16T05:40:00,AAPL,96.0702,-0.011013,-7355.92,-592635.18,-6.935,-6.835,1.865,-5.435,4.655,0.533,1.366,9.265,0.717,1.455,0.077,0.093,7.54,10.54,1.13,0.47,0.34,buy,1.0,0.041,Existing long target remained in place while the growth evidence deteriorated.
2025-08-16T05:45:00,MSFT,96.3994,-0.015012,-8920.17,-601555.35,0.583,2.183,10.683,13.083,4.661,0.534,1.371,9.283,0.098,0.361,-0.033,-0.057,7.47,10.47,1.12,0.46,0.34,buy,1.0,0.023,The model still held the name although the alpha ranking was decaying.
2025-08-16T05:50:00,NVDA,96.3993,-0.00101,-11107.88,-612663.23,0.604,2.204,10.704,13.104,4.668,0.535,1.376,9.304,0.72,1.468,0.077,0.093,101.38,118.38,1.1,0.45,0.33,buy,1.0,0.041,Target remained positive; realised weight diverged from the recorded target.
2025-08-16T05:55:00,JPM,96.2941,-0.003007,-7701.01,-620364.24,0.627,2.227,10.727,13.127,4.676,0.536,1.382,9.327,0.723,1.476,0.077,0.093,7.29,10.29,10.57,5.14,2.42,buy,1.0,0.041,The decision used an older recorded fundamental snapshot.
2025-08-16T06:00:00,XOM,96.0772,-0.010005,-6882.42,-627246.66,0.651,2.251,10.751,13.151,4.684,0.538,4.488,2.551,0.725,1.484,0.078,0.094,7.2,10.2,1.05,0.42,0.32,buy,1.0,0.041,The existing long target remained despite worsening debt-service risk.
2025-08-16T06:05:00,AAPL,95.7481,-0.011002,-7135.7,-634382.36,-6.824,-6.724,1.976,-5.324,4.692,0.539,1.394,9.376,0.728,1.492,0.078,0.094,7.1,10.1,1.02,0.41,0.31,buy,1.0,0.041,Existing long target remained in place while the growth evidence deteriorated.
2025-08-16T06:10:00,MSFT,95.6954,-0.015,-8644.95,-643027.31,0.702,2.302,10.802,13.202,4.701,0.54,1.4,9.402,0.11,0.401,-0.032,-0.056,7.01,10.01,1.0,0.4,0.3,buy,1.0,0.023,The model still held the name although the alpha ranking was decaying.
2025-08-16T06:15:00,NVDA,95.0082,-0.000997,-10794.51,-653821.82,0.727,2.327,10.827,13.227,4.709,0.541,1.407,9.427,0.733,1.509,0.078,0.094,101.11,118.11,1.03,0.41,0.31,buy,1.0,0.041,Target remained positive; realised weight diverged from the recorded target.
2025-08-16T06:20:00,JPM,95.1444,-0.002995,-7368.7,-661190.52,0.752,2.352,10.852,13.252,4.717,0.543,1.413,9.452,0.735,1.517,0.079,0.095,7.21,10.21,10.55,5.13,2.42,buy,1.0,0.041,The decision used an older recorded fundamental snapshot.
2025-08-16T06:25:00,XOM,95.283,-0.009992,-6551.57,-667742.09,0.776,2.376,10.876,13.276,4.725,0.544,4.519,2.676,0.738,1.525,0.079,0.095,7.31,10.31,1.08,0.44,0.33,buy,1.0,0.041,The existing long target remained despite worsening debt-service risk.
2025-08-16T06:30:00,AAPL,95.5032,-0.01099,-6826.61,-674568.7,-6.701,-6.601,2.099,-5.201,4.733,0.545,1.425,9.499,0.74,1.533,0.079,0.095,7.4,10.4,1.1,0.45,0.33,buy,1.0,0.041,Existing long target remained in place while the growth evidence deteriorated.
2025-08-16T06:35:00,MSFT,95.4019,-0.014988,-8376.56,-682945.26,0.819,2.419,10.919,13.319,4.74,0.546,1.43,9.519,0.122,0.44,-0.031,-0.055,7.48,10.48,1.12,0.46,0.34,buy,1.0,0.023,The model still held the name although the alpha ranking was decaying.
2025-08-16T06:40:00,NVDA,95.3578,-0.000986,-10583.26,-693528.52,0.837,2.437,10.937,13.337,4.746,0.547,1.434,9.537,0.744,1.546,0.079,0.095,101.55,118.55,1.14,0.47,0.35,buy,1.0,0.041,Target remained positive; realised weight diverged from the recorded target.
2025-08-16T06:45:00,JPM,95.1969,-0.002985,-7227.48,-700756.0,0.852,2.452,10.952,13.352,4.751,0.548,1.438,9.552,0.745,1.551,0.08,0.096,7.61,10.61,10.65,5.18,2.45,buy,1.0,0.041,The decision used an older recorded fundamental snapshot.
2025-08-16T06:50:00,XOM,94.9199,-0.009984,-6488.94,-707244.94,0.865,2.465,10.965,13.365,4.755,0.548,4.541,2.765,0.746,1.555,0.08,0.096,7.66,10.66,1.16,0.48,0.35,buy,1.0,0.041,The existing long target remained despite worsening debt-service risk.
2025-08-16T06:55:00,AAPL,94.9374,-0.010983,-6846.28,-714091.22,-6.627,-6.527,2.173,-5.127,4.758,0.549,1.443,9.573,0.747,1.558,0.08,0.096,7.69,10.69,1.17,0.49,0.36,buy,1.0,0.041,Existing long target remained in place while the growth evidence deteriorated.
2025-08-16T07:00:00,MSFT,94.7677,-0.014982,-8477.15,-722568.37,0.878,2.478,10.978,13.378,4.759,0.549,1.445,9.578,0.128,0.459,-0.03,-0.054,7.71,10.71,1.18,0.49,0.36,buy,1.0,0.023,The model still held the name although the alpha ranking was decaying.
2025-08-16T07:05:00,NVDA,94.491,-0.000982,-10758.37,-733326.74,0.88,2.48,10.98,13.38,4.76,0.549,1.445,9.58,0.748,1.56,0.08,0.096,101.72,118.72,1.18,0.49,0.36,buy,1.0,0.041,Target remained positive; realised weight diverged from the recorded target.
2025-08-16T07:10:00,JPM,94.6988,-0.002982,-7466.15,-740792.89,0.878,2.478,10.978,13.378,4.759,0.549,1.444,9.578,0.748,1.559,0.08,0.096,7.71,10.71,10.68,5.19,2.46,buy,1.0,0.041,The decision used an older recorded fundamental snapshot.
2025-08-16T07:15:00,XOM,94.9692,-0.009983,-6776.27,-747569.16,0.872,2.472,10.972,13.372,4.757,0.549,4.543,2.772,0.747,1.557,0.08,0.096,7.69,10.69,1.17,0.49,0.36,buy,1.0,0.041,The existing long target remained despite worsening debt-service risk.
2025-08-16T07:20:00,AAPL,95.1933,-0.010984,-7164.37,-754733.53,-6.637,-6.537,2.163,-5.137,4.754,0.548,1.441,9.563,0.746,1.554,0.08,0.096,7.65,10.65,1.16,0.48,0.35,buy,1.0,0.041,Existing long target remained in place while the growth evidence deteriorated.
2025-08-16T07:25:00,MSFT,95.4803,-0.014985,-8806.26,-763539.79,0.85,2.45,10.95,13.35,4.75,0.548,1.438,9.55,0.125,0.45,-0.03,-0.054,7.6,10.6,1.15,0.48,0.35,buy,1.0,0.023,The model still held the name although the alpha ranking was decaying.
2025-08-16T07:30:00,NVDA,95.3924,-0.000987,-11078.11,-774617.9,0.835,2.435,10.935,13.335,4.745,0.547,1.434,9.535,0.743,1.545,0.079,0.095,101.54,118.54,1.13,0.47,0.34,buy,1.0,0.041,Target remained positive; realised weight diverged from the recorded target.
2025-08-16T07:35:00,JPM,95.4032,-0.002988,-7756.72,-782374.62,0.816,2.416,10.916,13.316,4.739,0.546,1.429,9.516,0.742,1.539,0.079,0.095,7.47,10.47,10.62,5.16,2.44,buy,1.0,0.041,The decision used an older recorded fundamental snapshot.
2025-08-16T07:40:00,XOM,95.3856,-0.00999,-7019.74,-789394.36,0.796,2.396,10.896,13.296,4.732,0.545,4.524,2.696,0.74,1.532,0.079,0.095,7.38,10.38,1.1,0.45,0.33,buy,1.0,0.041,The existing long target remained despite worsening debt-service risk.
2025-08-16T07:45:00,AAPL,95.254,-0.010993,-7345.78,-796740.14,-6.727,-6.627,2.073,-5.227,4.724,0.544,1.418,9.473,0.737,1.524,0.079,0.095,7.29,10.29,1.07,0.44,0.32,buy,1.0,0.041,Existing long target remained in place while the growth evidence deteriorated.
2025-08-16T07:50:00,MSFT,95.081,-0.014995,-8914.52,-805654.66,0.749,2.349,10.849,13.249,4.716,0.542,1.412,9.449,0.115,0.416,-0.032,-0.056,7.2,10.2,1.05,0.42,0.32,buy,1.0,0.023,The model still held the name although the alpha ranking was decaying.
2025-08-16T07:55:00,NVDA,95.3089,-0.000998,-11106.7,-816761.36,0.724,2.324,10.824,13.224,4.708,0.541,1.406,9.424,0.732,1.508,0.078,0.094,101.09,118.09,1.02,0.41,0.31,buy,1.0,0.041,Target remained positive; realised weight diverged from the recorded target.
2025-08-16T08:00:00,JPM,95.3266,-0.003,-7704.11,-824465.47,0.698,2.298,10.798,13.198,4.699,0.54,1.399,9.398,0.73,1.499,0.078,0.094,7.01,10.01,10.5,5.1,2.4,buy,1.0,0.041,The decision used an older recorded fundamental snapshot.
2025-08-16T08:05:00,XOM,95.3532,-0.010003,-6889.47,-831354.94,0.672,2.272,10.772,13.172,4.691,0.539,4.493,2.572,0.727,1.491,0.078,0.094,7.11,10.11,1.03,0.41,0.31,buy,1.0,0.041,The existing long target remained despite worsening debt-service risk.
2025-08-16T08:10:00,AAPL,95.2942,-0.011005,-7146.21,-838501.15,-6.853,-6.753,1.947,-5.353,4.682,0.537,1.387,9.347,0.725,1.482,0.077,0.093,7.21,10.21,1.05,0.43,0.32,buy,1.0,0.041,Existing long target remained in place while the growth evidence deteriorated.
2025-08-16T08:15:00,MSFT,95.1052,-0.015008,-8658.32,-847159.47,0.623,2.223,10.723,13.123,4.674,0.536,1.381,9.323,0.102,0.374,-0.033,-0.057,7.31,10.31,1.08,0.44,0.33,buy,1.0,0.023,The model still held the name although the alpha ranking was decaying.
2025-08-16T08:20:00,NVDA,94.803,-0.00101,-10810.09,-857969.56,0.601,2.201,10.701,13.101,4.667,0.535,1.375,9.301,0.72,1.467,0.077,0.093,101.4,118.4,1.1,0.45,0.33,buy,1.0,0.041,Target remained positive; realised weight diverged from the recorded target.
2025-08-16T08:25:00,JPM,94.4736,-0.003012,-7385.79,-865355.35,0.581,2.181,10.681,13.081,4.66,0.534,1.37,9.281,0.718,1.46,0.077,0.093,7.48,10.48,10.62,5.16,2.44,buy,1.0,0.041,The decision used an older recorded fundamental snapshot.
2025-08-16T08:30:00,XOM,94.5719,-0.010014,-6569.48,-871924.83,0.563,2.163,10.663,13.063,4.654,0.533,4.466,2.463,0.716,1.454,0.077,0.093,7.55,10.55,1.14,0.47,0.35,buy,1.0,0.041,The existing long target remained despite worsening debt-service risk.
2025-08-16T08:35:00,AAPL,94.5274,-0.011015,-6844.69,-878769.52,-6.953,-6.853,1.847,-5.453,4.649,0.532,1.362,9.247,0.715,1.449,0.076,0.092,7.61,10.61,1.15,0.48,0.35,buy,1.0,0.041,Existing long target remained in place while the growth evidence deteriorated.
2025-08-16T08:40:00,MSFT,94.0278,-0.015016,-8394.24,-887163.76,0.535,2.135,10.635,13.035,4.645,0.532,1.359,9.235,0.094,0.345,-0.034,-0.058,7.66,10.66,1.16,0.48,0.35,buy,1.0,0.023,The model still held the name although the alpha ranking was decaying.
2025-08-16T08:45:00,NVDA,93.496,-0.001017,-10600.05,-897763.81,0.527,2.127,10.627,13.027,4.642,0.531,1.357,9.227,0.713,1.442,0.076,0.092,101.69,118.69,1.17,0.49,0.36,buy,1.0,0.041,Target remained positive; realised weight diverged from the recorded target.
2025-08-16T08:50:00,JPM,93.8052,-0.003018,-7243.02,-905006.83,0.522,2.122,10.622,13.022,4.641,0.531,1.355,9.222,0.712,1.441,0.076,0.092,7.71,10.71,10.68,5.19,2.46,buy,1.0,0.041,The decision used an older recorded fundamental snapshot.
2025-08-16T08:55:00,XOM,93.8715,-0.010018,-6502.98,-911509.81,0.52,2.12,10.62,13.02,4.64,0.531,4.455,2.42,0.712,1.44,0.076,0.092,7.72,10.72,1.18,0.49,0.36,buy,1.0,0.041,The existing long target remained despite worsening debt-service risk.
2025-08-16T09:00:00,AAPL,93.7604,-0.011018,-6858.69,-918368.5,-6.978,-6.878,1.822,-5.478,4.641,0.531,1.356,9.222,0.712,1.441,0.076,0.092,7.71,10.71,1.18,0.49,0.36,buy,1.0,0.041,Existing long target remained in place while the growth evidence deteriorated.
2025-08-16T09:05:00,MSFT,93.109,-0.015017,-8487.92,-926856.42,0.528,2.128,10.628,13.028,4.643,0.531,1.357,9.228,0.093,0.343,-0.034,-0.058,7.69,10.69,1.17,0.49,0.36,buy,1.0,0.023,The model still held the name although the alpha ranking was decaying.
2025-08-16T09:10:00,NVDA,93.8573,-0.001016,-10767.61,-937624.03,0.537,2.137,10.637,13.037,4.646,0.532,1.359,9.237,0.714,1.446,0.076,0.092,101.65,118.65,1.16,0.48,0.35,buy,1.0,0.041,Target remained positive; realised weight diverged from the recorded target.
2025-08-16T09:15:00,JPM,93.9758,-0.003015,-7474.01,-945098.04,0.55,2.15,10.65,13.05,4.65,0.532,1.362,9.25,0.715,1.45,0.076,0.092,7.6,10.6,10.65,5.18,2.45,buy,1.0,0.041,The decision used an older recorded fundamental snapshot.
2025-08-16T09:20:00,XOM,93.9139,-0.010013,-6782.98,-951881.02,0.565,2.165,10.665,13.065,4.655,0.533,4.466,2.465,0.717,1.455,0.077,0.093,7.54,10.54,1.13,0.47,0.34,buy,1.0,0.041,The existing long target remained despite worsening debt-service risk.
2025-08-16T09:25:00,AAPL,93.3859,-0.011012,-7170.19,-959051.21,-6.916,-6.816,1.884,-5.416,4.661,0.534,1.371,9.284,0.718,1.461,0.077,0.093,7.46,10.46,1.12,0.46,0.34,buy,1.0,0.041,Existing long target remained in place while the growth evidence deteriorated.
2025-08-16T09:30:00,MSFT,93.6244,-0.01501,-8811.42,-967862.63,0.605,2.205,10.705,13.105,4.668,0.535,1.376,9.305,0.1,0.368,-0.033,-0.057,7.38,10.38,1.1,0.45,0.33,buy,1.0,0.023,The model still held the name although the alpha ranking was decaying.
2025-08-16T09:35:00,NVDA,93.7109,-0.001007,-11082.83,-978945.46,0.627,2.227,10.727,13.127,4.676,0.536,1.382,9.327,0.723,1.476,0.077,0.093,101.29,118.29,1.07,0.44,0.32,buy,1.0,0.041,Target remained positive; realised weight diverged from the recorded target.
2025-08-16T09:40:00,JPM,93.6299,-0.003005,-7761.16,-986706.62,0.651,2.251,10.751,13.151,4.684,0.538,1.388,9.351,0.725,1.484,0.078,0.094,7.19,10.19,10.55,5.12,2.42,buy,1.0,0.041,The decision used an older recorded fundamental snapshot.
2025-08-16T09:45:00,XOM,93.6696,-0.010002,-7023.98,-993730.6,0.677,2.277,10.777,13.177,4.692,0.539,4.494,2.577,0.728,1.492,0.078,0.094,7.09,10.09,1.02,0.41,0.31,buy,1.0,0.041,The existing long target remained despite worsening debt-service risk.
2025-08-16T09:50:00,AAPL,93.5046,-0.011,-7349.81,-1001080.41,-6.798,-6.698,2.002,-5.298,4.701,0.54,1.401,9.402,0.73,1.501,0.078,0.094,7.01,10.01,1.0,0.4,0.3,buy,1.0,0.041,Existing long target remained in place while the growth evidence deteriorated.
2025-08-16T09:55:00,MSFT,93.363,-0.014997,-8918.25,-1009998.66,0.728,2.328,10.828,13.228,4.709,0.541,1.407,9.428,0.113,0.409,-0.032,-0.056,7.11,10.11,1.03,0.41,0.31,buy,1.0,0.023,The model still held the name although the alpha ranking was decaying.
2025-08-16T10:00:00,NVDA,93.0525,-0.000995,-11109.94,-1021108.6,0.753,2.353,10.853,13.253,4.718,0.543,1.413,9.453,0.735,1.518,0.079,0.095,101.21,118.21,1.05,0.43,0.32,buy,1.0,0.041,Target remained positive; realised weight diverged from the recorded target.
2025-08-16T10:05:00,JPM,93.3993,-0.002992,-7706.6,-1028815.2,0.777,2.377,10.877,13.277,4.726,0.544,1.419,9.477,0.738,1.526,0.079,0.095,7.31,10.31,10.58,5.14,2.43,buy,1.0,0.041,The decision used an older recorded fundamental snapshot.
2025-08-16T10:10:00,XOM,92.89,-0.00999,-6890.87,-1035706.07,0.799,2.399,10.899,13.299,4.733,0.545,4.525,2.699,0.74,1.533,0.079,0.095,7.4,10.4,1.1,0.45,0.33,buy,1.0,0.041,The existing long target remained despite worsening debt-service risk.
2025-08-16T10:15:00,AAPL,92.9626,-0.010988,-7146.17,-1042852.24,-6.68,-6.58,2.12,-5.18,4.74,0.546,1.43,9.52,0.742,1.54,0.079,0.095,7.48,10.48,1.12,0.46,0.34,buy,1.0,0.041,Existing long target remained in place while the growth evidence deteriorated.
2025-08-16T10:20:00,MSFT,92.7563,-0.014986,-8656.47,-1051508.71,0.838,2.438,10.938,13.338,4.746,0.547,1.434,9.538,0.124,0.446,-0.031,-0.055,7.55,10.55,1.14,0.47,0.35,buy,1.0,0.023,The model still held the name although the alpha ranking was decaying.
2025-08-16T10:25:00,NVDA,92.7338,-0.000985,-10806.07,-1062314.78,0.853,2.453,10.953,13.353,4.751,0.548,1.438,9.553,0.745,1.551,0.08,0.096,101.61,118.61,1.15,0.48,0.35,buy,1.0,0.041,Target remained positive; realised weight diverged from the recorded target.
2025-08-16T10:30:00,JPM,92.9562,-0.002984,-7379.31,-1069694.09,0.865,2.465,10.965,13.365,4.755,0.548,1.441,9.565,0.746,1.555,0.08,0.096,7.66,10.66,10.66,5.18,2.45,buy,1.0,0.041,The decision used an older recorded fundamental snapshot.
2025-08-16T10:35:00,XOM,92.6534,-0.009983,-6560.32,-1076254.41,0.873,2.473,10.973,13.373,4.758,0.549,4.543,2.773,0.747,1.558,0.08,0.096,7.69,10.69,1.17,0.49,0.36,buy,1.0,0.041,The existing long target remained despite worsening debt-service risk.
2025-08-16T10:40:00,AAPL,92.5459,-0.010982,-6832.75,-1083087.16,-6.622,-6.522,2.178,-5.122,4.759,0.549,1.445,9.578,0.748,1.559,0.08,0.096,7.71,10.71,1.18,0.49,0.36,buy,1.0,0.041,Existing long target remained in place while the growth evidence deteriorated.
2025-08-16T10:45:00,MSFT,92.3152,-0.014982,-8379.53,-1091466.69,0.88,2.48,10.98,13.38,4.76,0.549,1.445,9.58,0.128,0.46,-0.03,-0.054,7.72,10.72,1.18,0.49,0.36,buy,1.0,0.023,The model still held the name although the alpha ranking was decaying.
2025-08-16T10:50:00,NVDA,92.1254,-0.000982,-10582.75,-1102049.44,0.878,2.478,10.978,13.378,4.759,0.549,1.444,9.578,0.748,1.559,0.08,0.096,101.71,118.71,1.18,0.49,0.36,buy,1.0,0.041,Target remained positive; realised weight diverged from the recorded target.
2025-08-16T10:55:00,JPM,92.1401,-0.002983,-7223.44,-1109272.88,0.872,2.472,10.972,13.372,4.757,0.549,1.443,9.572,0.747,1.557,0.08,0.096,7.69,10.69,10.67,5.19,2.46,buy,1.0,0.041,The decision used an older recorded fundamental snapshot.
2025-08-16T11:00:00,XOM,92.1908,-0.009984,-6481.57,-1115754.45,0.863,2.463,10.963,13.363,4.754,0.548,4.541,2.763,0.746,1.554,0.08,0.096,7.65,10.65,1.16,0.48,0.35,buy,1.0,0.041,The existing long target remained despite worsening debt-service risk.
2025-08-16T11:05:00,AAPL,92.1962,-0.010985,-6836.04,-1122590.49,-6.65,-6.55,2.15,-5.15,4.75,0.548,1.438,9.55,0.745,1.55,0.08,0.096,7.6,10.6,1.15,0.48,0.35,buy,1.0,0.041,Existing long target remained in place while the growth evidence deteriorated.
2025-08-16T11:10:00,MSFT,91.7301,-0.014987,-8464.72,-1131055.21,0.834,2.434,10.934,13.334,4.745,0.547,1.434,9.534,0.123,0.445,-0.031,-0.055,7.54,10.54,1.13,0.47,0.34,buy,1.0,0.023,The model still held the name although the alpha ranking was decaying.
2025-08-16T11:15:00,NVDA,92.1683,-0.000988,-10744.64,-1141799.85,0.816,2.416,10.916,13.316,4.739,0.546,1.429,9.516,0.742,1.539,0.079,0.095,101.46,118.46,1.12,0.46,0.34,buy,1.0,0.041,Target remained positive; realised weight diverged from the recorded target.
2025-08-16T11:20:00,JPM,91.9289,-0.00299,-7452.1,-1149251.95,0.795,2.395,10.895,13.295,4.732,0.545,1.424,9.495,0.74,1.532,0.079,0.095,7.38,10.38,10.6,5.15,2.43,buy,1.0,0.041,The decision used an older recorded fundamental snapshot.
2025-08-16T11:25:00,XOM,91.9112,-0.009993,-6762.95,-1156014.9,0.773,2.373,10.873,13.273,4.724,0.544,4.518,2.673,0.737,1.524,0.079,0.095,7.29,10.29,1.07,0.44,0.32,buy,1.0,0.041,The existing long target remained despite worsening debt-service risk.
2025-08-16T11:30:00,AAPL,91.7914,-0.010995,-7152.83,-1163167.73,-6.752,-6.652,2.048,-5.252,4.716,0.542,1.412,9.448,0.735,1.516,0.078,0.094,7.19,10.19,1.05,0.42,0.32,buy,1.0,0.041,Existing long target remained in place while the growth evidence deteriorated.
2025-08-16T11:35:00,MSFT,92.0476,-0.014998,-8797.47,-1171965.2,0.723,2.323,10.823,13.223,4.708,0.541,1.406,9.423,0.112,0.408,-0.032,-0.056,7.09,10.09,1.02,0.41,0.31,buy,1.0,0.023,The model still held the name although the alpha ranking was decaying.
2025-08-16T11:40:00,NVDA,91.7013,-0.001,-11072.88,-1183038.08,0.697,2.297,10.797,13.197,4.699,0.54,1.399,9.397,0.73,1.499,0.078,0.094,101.01,118.01,1.0,0.4,0.3,buy,1.0,0.041,Target remained positive; realised weight diverged from the recorded target.
2025-08-16T11:45:00,JPM,92.0934,-0.003003,-7755.69,-1190793.77,0.672,2.272,10.772,13.172,4.691,0.539,1.393,9.372,0.727,1.491,0.078,0.094,7.11,10.11,10.53,5.11,2.41,buy,1.0,0.041,The decision used an older recorded fundamental snapshot.
2025-08-16T11:50:00,XOM,92.3448,-0.010005,-7023.28,-1197817.05,0.647,2.247,10.747,13.147,4.682,0.537,4.487,2.547,0.725,1.482,0.077,0.093,7.21,10.21,1.05,0.43,0.32,buy,1.0,0.041,The existing long target remained despite worsening debt-service risk.
2025-08-16T11:55:00,AAPL,91.8253,-0.011008,-7353.99,-1205171.04,-6.877,-6.777,1.923,-5.377,4.674,0.536,1.381,9.323,0.722,1.474,0.077,0.093,7.31,10.31,1.08,0.44,0.33,buy,1.0,0.041,Existing long target remained in place while the growth evidence deteriorated.
2025-08-16T12:00:00,MSFT,91.9745,-0.01501,-8927.22,-1214098.26,0.601,2.201,10.701,13.101,4.667,0.535,1.375,9.301,0.1,0.367,-0.033,-0.057,7.4,10.4,1.1,0.45,0.33,buy,1.0,0.023,The model still held the name although the alpha ranking was decaying.
2025-08-16T12:05:00,NVDA,92.0514,-0.001012,-11123.42,-1225221.68,0.58,2.18,10.68,13.08,4.66,0.534,1.37,9.28,0.718,1.46,0.077,0.093,101.48,118.48,1.12,0.46,0.34,buy,1.0,0.041,Target remained positive; realised weight diverged from the recorded target.
2025-08-16T12:10:00,JPM,92.2609,-0.003014,-7724.13,-1232945.81,0.562,2.162,10.662,13.062,4.654,0.533,1.366,9.262,0.716,1.454,0.077,0.093,7.55,10.55,10.64,5.17,2.45,buy,1.0,0.041,The decision used an older recorded fundamental snapshot.
2025-08-16T12:15:00,XOM,92.6438,-0.010015,-6911.83,-1239857.64,0.547,2.147,10.647,13.047,4.649,0.532,4.462,2.447,0.715,1.449,0.076,0.092,7.61,10.61,1.15,0.48,0.35,buy,1.0,0.041,The existing long target remained despite worsening debt-service risk.
2025-08-16T12:20:00,AAPL,92.7261,-0.011016,-7169.79,-1247027.43,-6.965,-6.865,1.835,-5.465,4.645,0.532,1.359,9.235,0.714,1.445,0.076,0.092,7.66,10.66,1.16,0.48,0.35,buy,1.0,0.041,Existing long target remained in place while the growth evidence deteriorated.
2025-08-16T12:25:00,MSFT,92.9486,-0.015017,-8681.91,-1255709.34,0.527,2.127,10.627,13.027,4.642,0.531,1.357,9.227,0.093,0.342,-0.034,-0.058,7.69,10.69,1.17,0.49,0.36,buy,1.0,0.023,The model still held the name although the alpha ranking was decaying.
2025-08-16T12:30:00,NVDA,92.5231,-0.001018,-10832.42,-1266541.76,0.521,2.121,10.621,13.021,4.64,0.531,1.355,9.221,0.712,1.44,0.076,0.092,101.71,118.71,1.18,0.49,0.36,buy,1.0,0.041,Target remained positive; realised weight diverged from the recorded target.
2025-08-16T12:35:00,JPM,92.6605,-0.003018,-7405.66,-1273947.42,0.52,2.12,10.62,13.02,4.64,0.531,1.355,9.22,0.712,1.44,0.076,0.092,7.72,10.72,10.68,5.19,2.46,buy,1.0,0.041,The decision used an older recorded fundamental snapshot.
2025-08-16T12:40:00,XOM,92.5978,-0.010018,-6585.78,-1280533.2,0.522,2.122,10.622,13.022,4.641,0.531,4.456,2.422,0.712,1.441,0.076,0.092,7.71,10.71,1.18,0.49,0.36,buy,1.0,0.041,The existing long target remained despite worsening debt-service risk.
2025-08-16T12:45:00,AAPL,93.0214,-0.011017,-6856.49,-1287389.69,-6.972,-6.872,1.828,-5.472,4.643,0.531,1.357,9.228,0.713,1.443,0.076,0.092,7.69,10.69,1.17,0.49,0.36,buy,1.0,0.041,Existing long target remained in place while the growth evidence deteriorated.
2025-08-16T12:50:00,MSFT,93.1733,-0.015016,-8400.85,-1295790.54,0.537,2.137,10.637,13.037,4.646,0.532,1.359,9.237,0.094,0.346,-0.034,-0.058,7.65,10.65,1.16,0.48,0.35,buy,1.0,0.023,The model still held the name although the alpha ranking was decaying.
2025-08-16T12:55:00,NVDA,93.1306,-0.001015,-10601.05,-1306391.59,0.55,2.15,10.65,13.05,4.65,0.533,1.363,9.25,0.715,1.45,0.077,0.093,101.6,118.6,1.15,0.47,0.35,buy,1.0,0.041,Target remained positive; realised weight diverged from the recorded target.
2025-08-16T13:00:00,JPM,92.9644,-0.003013,-7238.31,-1313629.9,0.566,2.166,10.666,13.066,4.655,0.533,1.366,9.266,0.717,1.455,0.077,0.093,7.54,10.54,10.63,5.17,2.44,buy,1.0,0.041,The decision used an older recorded fundamental snapshot.
2025-08-16T13:05:00,XOM,93.0823,-0.010012,-6492.75,-1320122.65,0.584,2.184,10.684,13.084,4.661,0.534,4.471,2.484,0.718,1.461,0.077,0.093,7.46,10.46,1.12,0.46,0.34,buy,1.0,0.041,The existing long target remained despite worsening debt-service risk.
2025-08-16T13:10:00,AAPL,93.4606,-0.01101,-6843.43,-1326966.08,-6.895,-6.795,1.905,-5.395,4.668,0.535,1.376,9.305,0.72,1.468,0.077,0.093,7.38,10.38,1.1,0.45,0.33,buy,1.0,0.041,Existing long target remained in place while the growth evidence deteriorated.
2025-08-16T13:15:00,MSFT,92.8406,-0.015007,-8468.41,-1335434.49,0.628,2.228,10.728,13.128,4.676,0.536,1.382,9.328,0.103,0.376,-0.033,-0.057,7.29,10.29,1.07,0.44,0.32,buy,1.0,0.023,The model still held the name although the alpha ranking was decaying.
2025-08-16T13:20:00,NVDA,93.7414,-0.001005,-10744.83,-1346179.32,0.652,2.252,10.752,13.152,4.684,0.538,1.388,9.352,0.725,1.484,0.078,0.094,101.19,118.19,1.05,0.42,0.32,buy,1.0,0.041,Target remained positive; realised weight diverged from the recorded target.
2025-08-16T13:25:00,JPM,93.6547,-0.003002,-7449.15,-1353628.47,0.677,2.277,10.777,13.177,4.692,0.539,1.394,9.377,0.728,1.492,0.078,0.094,7.09,10.09,10.52,5.11,2.41,buy,1.0,0.041,The decision used an older recorded fundamental snapshot.
2025-08-16T13:30:00,XOM,94.1444,-0.01,-6757.29,-1360385.76,0.703,2.303,10.803,13.203,4.701,0.54,4.501,2.603,0.73,1.501,0.078,0.094,7.01,10.01,1.0,0.4,0.3,buy,1.0,0.041,The existing long target remained despite worsening debt-service risk.
2025-08-16T13:35:00,AAPL,94.1418,-0.010997,-7144.98,-1367530.74,-6.772,-6.672,2.028,-5.272,4.709,0.541,1.407,9.428,0.733,1.509,0.078,0.094,7.11,10.11,1.03,0.41,0.31,buy,1.0,0.041,Existing long target remained in place while the growth evidence deteriorated.
2025-08-16T13:40:00,MSFT,94.3665,-0.014995,-8787.94,-1376318.68,0.753,2.353,10.853,13.253,4.718,0.543,1.413,9.453,0.115,0.418,-0.031,-0.055,7.21,10.21,1.05,0.43,0.32,buy,1.0,0.023,The model still held the name although the alpha ranking was decaying.
2025-08-16T13:45:00,NVDA,94.2838,-0.000992,-11062.21,-1387380.89,0.777,2.377,10.877,13.277,4.726,0.544,1.419,9.477,0.738,1.526,0.079,0.095,101.31,118.31,1.08,0.44,0.33,buy,1.0,0.041,Target remained positive; realised weight diverged from the recorded target.
2025-08-16T13:50:00,JPM,94.1277,-0.00299,-7744.36,-1395125.25,0.8,2.4,10.9,13.3,4.733,0.545,1.425,9.5,0.74,1.533,0.079,0.095,7.4,10.4,10.6,5.15,2.43,buy,1.0,0.041,The decision used an older recorded fundamental snapshot.
2025-08-16T13:55:00,XOM,94.2206,-0.009988,-7011.73,-1402136.98,0.82,2.42,10.92,13.32,4.74,0.546,4.53,2.72,0.742,1.54,0.079,0.095,7.48,10.48,1.12,0.46,0.34,buy,1.0,0.041,The existing long target remained despite worsening debt-service risk.
2025-08-16T14:00:00,AAPL,94.2345,-0.010986,-7342.56,-1409479.54,-6.662,-6.562,2.138,-5.162,4.746,0.547,1.434,9.538,0.744,1.546,0.079,0.095,7.55,10.55,1.14,0.47,0.35,buy,1.0,0.041,Existing long target remained in place while the growth evidence deteriorated.
2025-08-16T14:05:00,MSFT,94.0827,-0.014985,-8916.14,-1418395.68,0.853,2.453,10.953,13.353,4.751,0.548,1.438,9.553,0.125,0.451,-0.03,-0.054,7.61,10.61,1.15,0.48,0.35,buy,1.0,0.023,The model still held the name although the alpha ranking was decaying.
2025-08-16T14:10:00,NVDA,94.4814,-0.000984,-11112.85,-1429508.53,0.865,2.465,10.965,13.365,4.755,0.548,1.441,9.565,0.746,1.555,0.08,0.096,101.66,118.66,1.16,0.48,0.35,buy,1.0,0.041,Target remained positive; realised weight diverged from the recorded target.
2025-08-16T14:15:00,JPM,94.2412,-0.002983,-7714.09,-1437222.62,0.873,2.473,10.973,13.373,4.758,0.549,1.443,9.573,0.747,1.558,0.08,0.096,7.69,10.69,10.67,5.19,2.46,buy,1.0,0.041,The decision used an older recorded fundamental snapshot.
2025-08-16T14:20:00,XOM,94.0649,-0.009982,-6902.27,-1444124.89,0.879,2.479,10.979,13.379,4.76,0.549,4.545,2.779,0.748,1.56,0.08,0.096,7.71,10.71,1.18,0.49,0.36,buy,1.0,0.041,The existing long target remained despite worsening debt-service risk.
2025-08-16T14:25:00,AAPL,93.7456,-0.010982,-7160.6,-1451285.49,-6.62,-6.52,2.18,-5.12,4.76,0.549,1.445,9.58,0.748,1.56,0.08,0.096,7.72,10.72,1.18,0.49,0.36,buy,1.0,0.041,Existing long target remained in place while the growth evidence deteriorated.
2025-08-16T14:30:00,MSFT,94.1629,-0.014982,-8672.9,-1459958.39,0.878,2.478,10.978,13.378,4.759,0.549,1.444,9.578,0.128,0.459,-0.03,-0.054,7.71,10.71,1.18,0.49,0.36,buy,1.0,0.023,The model still held the name although the alpha ranking was decaying.
2025-08-16T14:35:00,NVDA,94.6569,-0.000983,-10823.39,-1470781.78,0.872,2.472,10.972,13.372,4.757,0.549,1.443,9.572,0.747,1.557,0.08,0.096,101.69,118.69,1.17,0.49,0.36,buy,1.0,0.041,Target remained positive; realised weight diverged from the recorded target.
2025-08-16T14:40:00,JPM,94.6019,-0.002984,-7396.4,-1478178.18,0.863,2.463,10.963,13.363,4.754,0.548,1.441,9.563,0.746,1.554,0.08,0.096,7.65,10.65,10.66,5.18,2.45,buy,1.0,0.041,The decision used an older recorded fundamental snapshot.
2025-08-16T14:45:00,XOM,94.742,-0.009985,-6576.13,-1484754.31,0.85,2.45,10.95,13.35,4.75,0.547,4.537,2.75,0.745,1.55,0.079,0.095,7.6,10.6,1.15,0.47,0.35,buy,1.0,0.041,The existing long target remained despite worsening debt-service risk.
2025-08-16T14:50:00,AAPL,94.2398,-0.010987,-6846.34,-1491600.65,-6.666,-6.566,2.134,-5.166,4.745,0.547,1.434,9.534,0.743,1.545,0.079,0.095,7.54,10.54,1.13,0.47,0.34,buy,1.0,0.041,Existing long target remained in place while the growth evidence deteriorated.
2025-08-16T14:55:00,MSFT,94.3478,-0.014988,-8390.16,-1499990.81,0.816,2.416,10.916,13.316,4.739,0.546,1.429,9.516,0.122,0.439,-0.031,-0.055,7.46,10.46,1.12,0.46,0.34,buy,1.0,0.023,The model still held the name although the alpha ranking was decaying.
2025-08-16T15:00:00,NVDA,94.6521,-0.000991,-10589.89,-1510580.7,0.795,2.395,10.895,13.295,4.732,0.545,1.424,9.495,0.739,1.532,0.079,0.095,101.38,118.38,1.09,0.45,0.33,buy,1.0,0.041,Target remained positive; realised weight diverged from the recorded target.
2025-08-16T15:05:00,JPM,94.0244,-0.002993,-7226.83,-1517807.53,0.772,2.372,10.872,13.272,4.724,0.544,1.418,9.472,0.737,1.524,0.079,0.095,7.29,10.29,10.57,5.14,2.42,buy,1.0,0.041,The decision used an older recorded fundamental snapshot.
2025-08-16T15:10:00,XOM,93.8607,-0.009995,-6481.21,-1524288.74,0.748,2.348,10.848,13.248,4.716,0.542,4.512,2.648,0.735,1.516,0.078,0.094,7.19,10.19,1.05,0.42,0.32,buy,1.0,0.041,The existing long target remained despite worsening debt-service risk.
2025-08-16T15:15:00,AAPL,93.9445,-0.010998,-6832.21,-1531120.95,-6.777,-6.677,2.023,-5.277,4.708,0.541,1.406,9.423,0.732,1.508,0.078,0.094,7.09,10.09,1.02,0.41,0.31,buy,1.0,0.041,Existing long target remained in place while the growth evidence deteriorated.
2025-08-16T15:20:00,MSFT,93.923,-0.015,-8457.94,-1539578.89,0.697,2.297,10.797,13.197,4.699,0.54,1.399,9.397,0.11,0.399,-0.032,-0.056,7.01,10.01,1.0,0.4,0.3,buy,1.0,0.023,The model still held the name although the alpha ranking was decaying.
2025-08-16T15:25:00,NVDA,94.267,-0.001003,-10735.62,-1550314.51,0.671,2.271,10.771,13.171,4.69,0.539,1.393,9.371,0.727,1.49,0.078,0.094,101.11,118.11,1.03,0.41,0.31,buy,1.0,0.041,Target remained positive; realised weight diverged from the recorded target.
2025-08-16T15:30:00,JPM,94.1872,-0.003005,-7441.71,-1557756.22,0.646,2.246,10.746,13.146,4.682,0.537,1.387,9.346,0.725,1.482,0.077,0.093,7.21,10.21,10.55,5.13,2.42,buy,1.0,0.041,The decision used an older recorded fundamental snapshot.
2025-08-16T15:35:00,XOM,94.4565,-0.010008,-6752.17,-1564508.39,0.623,2.223,10.723,13.123,4.674,0.536,4.481,2.523,0.722,1.474,0.077,0.093,7.31,10.31,1.08,0.44,0.33,buy,1.0,0.041,The existing long target remained despite worsening debt-service risk.
2025-08-16T15:40:00,AAPL,94.2753,-0.01101,-7142.66,-1571651.05,-6.9,-6.8,1.9,-5.4,4.667,0.535,1.375,9.3,0.72,1.467,0.077,0.093,7.4,10.4,1.1,0.45,0.33,buy,1.0,0.041,Existing long target remained in place while the growth evidence deteriorated.
2025-08-16T15:45:00,MSFT,94.0078,-0.015012,-8788.85,-1580439.9,0.58,2.18,10.68,13.08,4.66,0.534,1.37,9.28,0.098,0.36,-0.033,-0.057,7.48,10.48,1.12,0.46,0.34,buy,1.0,0.023,The model still held the name although the alpha ranking was decaying.
2025-08-16T15:50:00,NVDA,94.3075,-0.001014,-11066.67,-1591506.57,0.562,2.162,10.662,13.062,4.654,0.533,1.366,9.262,0.716,1.454,0.077,0.093,101.55,118.55,1.14,0.47,0.35,buy,1.0,0.041,Target remained positive; realised weight diverged from the recorded target.
2025-08-16T15:55:00,JPM,94.2502,-0.003015,-7752.56,-1599259.13,0.547,2.147,10.647,13.047,4.649,0.532,1.362,9.247,0.715,1.449,0.076,0.092,7.61,10.61,10.65,5.18,2.45,buy,1.0,0.041,The decision used an older recorded fundamental snapshot.
2025-08-16T16:00:00,XOM,94.0525,-0.010016,-7023.7,-1606282.83,0.535,2.135,10.635,13.035,4.645,0.532,4.459,2.435,0.714,1.445,0.076,0.092,7.66,10.66,1.16,0.48,0.35,buy,1.0,0.041,The existing long target remained despite worsening debt-service risk.
2025-08-16T16:05:00,AAPL,93.7832,-0.011017,-7358.19,-1613641.02,-6.974,-6.874,1.826,-5.474,4.642,0.531,1.357,9.226,0.713,1.442,0.076,0.092,7.69,10.69,1.17,0.49,0.36,buy,1.0,0.041,Existing long target remained in place while the growth evidence deteriorated.
2025-08-16T16:10:00,MSFT,93.5769,-0.015018,-8935.13,-1622576.15,0.521,2.121,10.621,13.021,4.64,0.531,1.355,9.221,0.092,0.34,-0.034,-0.058,7.71,10.71,1.18,0.49,0.36,buy,1.0,0.023,The model still held the name although the alpha ranking was decaying.
2025-08-16T16:15:00,NVDA,93.1373,-0.001018,-11134.73,-1633710.88,0.52,2.12,10.62,13.02,4.64,0.531,1.355,9.22,0.712,1.44,0.076,0.092,101.72,118.72,1.18,0.49,0.36,buy,1.0,0.041,Target remained positive; realised weight diverged from the recorded target.
2025-08-16T16:20:00,JPM,92.9262,-0.003018,-7738.26,-1641449.14,0.522,2.122,10.622,13.022,4.641,0.531,1.356,9.222,0.712,1.441,0.076,0.092,7.71,10.71,10.68,5.19,2.46,buy,1.0,0.041,The decision used an older recorded fundamental snapshot.
2025-08-16T16:25:00,XOM,93.0811,-0.010017,-6927.99,-1648377.13,0.528,2.128,10.628,13.028,4.643,0.531,4.457,2.428,0.713,1.443,0.076,0.092,7.69,10.69,1.17,0.49,0.36,buy,1.0,0.041,The existing long target remained despite worsening debt-service risk.
2025-08-16T16:30:00,AAPL,92.8828,-0.011016,-7187.02,-1655564.15,-6.962,-6.862,1.838,-5.462,4.646,0.532,1.359,9.238,0.714,1.446,0.076,0.092,7.65,10.65,1.16,0.48,0.35,buy,1.0,0.041,Existing long target remained in place while the growth evidence deteriorated.
2025-08-16T16:35:00,MSFT,93.0058,-0.015015,-8699.14,-1664263.29,0.55,2.15,10.65,13.05,4.65,0.533,1.363,9.25,0.095,0.35,-0.033,-0.057,7.6,10.6,1.15,0.47,0.35,buy,1.0,0.023,The model still held the name although the alpha ranking was decaying.
2025-08-16T16:40:00,NVDA,93.0833,-0.001013,-10848.52,-1675111.81,0.566,2.166,10.666,13.066,4.655,0.533,1.367,9.266,0.717,1.455,0.077,0.093,101.54,118.54,1.13,0.47,0.34,buy,1.0,0.041,Target remained positive; realised weight diverged from the recorded target.
2025-08-16T16:45:00,JPM,92.9795,-0.003012,-7419.53,-1682531.34,0.585,2.185,10.685,13.085,4.662,0.534,1.371,9.285,0.718,1.462,0.077,0.093,7.46,10.46,10.62,5.16,2.44,buy,1.0,0.041,The decision used an older recorded fundamental snapshot.
2025-08-16T16:50:00,XOM,92.8143,-0.010009,-6596.41,-1689127.75,0.605,2.205,10.705,13.105,4.668,0.535,4.476,2.505,0.721,1.468,0.077,0.093,7.38,10.38,1.09,0.45,0.33,buy,1.0,0.041,The existing long target remained despite worsening debt-service risk.
2025-08-16T16:55:00,AAPL,92.8316,-0.011007,-6863.05,-1695990.8,-6.872,-6.772,1.928,-5.372,4.676,0.536,1.382,9.328,0.723,1.476,0.077,0.093,7.29,10.29,1.07,0.44,0.32,buy,1.0,0.041,Existing long target remained in place while the growth evidence deteriorated.
2025-08-16T17:00:00,MSFT,92.9071,-0.015005,-8402.72,-1704393.52,0.652,2.252,10.752,13.152,4.684,0.538,1.388,9.352,0.105,0.384,-0.032,-0.056,7.19,10.19,1.05,0.42,0.32,buy,1.0,0.023,The model still held the name although the alpha ranking was decaying.
2025-08-16T17:05:00,NVDA,93.2376,-0.001002,-10597.86,-1714991.38,0.678,2.278,10.778,13.178,4.693,0.539,1.394,9.378,0.728,1.493,0.078,0.094,101.09,118.09,1.02,0.41,0.31,buy,1.0,0.041,Target remained positive; realised weight diverged from the recorded target.
2025-08-16T17:10:00,JPM,93.3507,-0.003,-7229.97,-1722221.35,0.703,2.303,10.803,13.203,4.701,0.54,1.401,9.403,0.73,1.501,0.078,0.094,7.01,10.01,10.5,5.1,2.4,buy,1.0,0.041,The decision used an older recorded fundamental snapshot.
2025-08-16T17:15:00,XOM,93.24,-0.009997,-6479.48,-1728700.83,0.729,2.329,10.829,13.229,4.71,0.541,4.507,2.629,0.733,1.51,0.078,0.094,7.12,10.12,1.03,0.41,0.31,buy,1.0,0.041,The existing long target remained despite worsening debt-service risk.
2025-08-16T17:20:00,AAPL,93.0631,-0.010995,-6825.76,-1735526.59,-6.746,-6.646,2.054,-5.246,4.718,0.543,1.413,9.454,0.735,1.518,0.079,0.095,7.22,10.22,1.05,0.43,0.32,buy,1.0,0.041,Existing long target remained in place while the growth evidence deteriorated.
2025-08-16T17:25:00,MSFT,93.1604,-0.014992,-8447.1,-1743973.69,0.778,2.378,10.878,13.278,4.726,0.544,1.419,9.478,0.118,0.426,-0.031,-0.055,7.31,10.31,1.08,0.44,0.33,buy,1.0,0.023,The model still held the name although the alpha ranking was decaying.
2025-08-16T17:30:00,NVDA,93.2503,-0.00099,-10720.89,-1754694.58,0.8,2.4,10.9,13.3,4.733,0.545,1.425,9.5,0.74,1.533,0.079,0.095,101.4,118.4,1.1,0.45,0.33,buy,1.0,0.041,Target remained positive; realised weight diverged from the recorded target.
2025-08-16T17:35:00,JPM,93.2474,-0.002988,-7423.73,-1762118.31,0.82,2.42,10.92,13.32,4.74,0.546,1.43,9.52,0.742,1.54,0.079,0.095,7.48,10.48,10.62,5.16,2.44,buy,1.0,0.041,The decision used an older recorded fundamental snapshot.
2025-08-16T17:40:00,XOM,92.8729,-0.009986,-6731.67,-1768849.98,0.838,2.438,10.938,13.338,4.746,0.547,4.535,2.738,0.744,1.546,0.079,0.095,7.55,10.55,1.14,0.47,0.35,buy,1.0,0.041,The existing long target remained despite worsening debt-service risk.
2025-08-16T17:45:00,AAPL,92.8588,-0.010985,-7120.45,-1775970.43,-6.647,-6.547,2.153,-5.147,4.751,0.548,1.438,9.553,0.745,1.551,0.08,0.096,7.61,10.61,1.15,0.48,0.35,buy,1.0,0.041,Existing long target remained in place while the growth evidence deteriorated.
2025-08-16T17:50:00,MSFT,92.8226,-0.014983,-8765.77,-1784736.2,0.865,2.465,10.965,13.365,4.755,0.548,1.441,9.565,0.127,0.455,-0.03,-0.054,7.66,10.66,1.17,0.48,0.36,buy,1.0,0.023,The model still held the name although the alpha ranking was decaying.
2025-08-16T17:55:00,NVDA,93.0585,-0.000983,-11043.53,-1795779.73,0.874,2.474,10.974,13.374,4.758,0.549,1.443,9.574,0.747,1.558,0.08,0.096,101.69,118.69,1.17,0.49,0.36,buy,1.0,0.041,Target remained positive; realised weight diverged from the recorded target.
2025-08-16T18:00:00,JPM,93.4809,-0.002982,-7730.12,-1803509.85,0.879,2.479,10.979,13.379,4.76,0.549,1.445,9.579,0.748,1.56,0.08,0.096,7.71,10.71,10.68,5.19,2.46,buy,1.0,0.041,The decision used an older recorded fundamental snapshot.
2025-08-16T18:05:00,XOM,93.1445,-0.009982,-7002.63,-1810512.48,0.88,2.48,10.98,13.38,4.76,0.549,4.545,2.78,0.748,1.56,0.08,0.096,7.72,10.72,1.18,0.49,0.36,buy,1.0,0.041,The existing long target remained despite worsening debt-service risk.
2025-08-16T18:10:00,AAPL,93.6102,-0.010982,-7339.05,-1817851.53,-6.622,-6.522,2.178,-5.122,4.759,0.549,1.444,9.578,0.748,1.559,0.08,0.096,7.71,10.71,1.18,0.49,0.36,buy,1.0,0.041,Existing long target remained in place while the growth evidence deteriorated.
2025-08-16T18:15:00,MSFT,93.8811,-0.014983,-8918.35,-1826769.88,0.872,2.472,10.972,13.372,4.757,0.549,1.443,9.572,0.127,0.457,-0.03,-0.054,7.69,10.69,1.17,0.49,0.36,buy,1.0,0.023,The model still held the name although the alpha ranking was decaying.
2025-08-16T18:20:00,NVDA,93.7874,-0.000984,-11120.6,-1837890.48,0.862,2.462,10.962,13.362,4.754,0.548,1.441,9.562,0.746,1.554,0.08,0.096,101.65,118.65,1.16,0.48,0.35,buy,1.0,0.041,Target remained positive; realised weight diverged from the recorded target.
2025-08-16T18:25:00,JPM,93.89,-0.002985,-7726.91,-1845617.39,0.85,2.45,10.95,13.35,4.75,0.547,1.437,9.55,0.745,1.55,0.079,0.095,7.6,10.6,10.65,5.17,2.45,buy,1.0,0.041,The decision used an older recorded fundamental snapshot.
2025-08-16T18:30:00,XOM,94.2461,-0.009987,-6919.41,-1852536.8,0.834,2.434,10.934,13.334,4.745,0.547,4.533,2.734,0.743,1.545,0.079,0.095,7.54,10.54,1.13,0.47,0.34,buy,1.0,0.041,The existing long target remained despite worsening debt-service risk.
2025-08-16T18:35:00,AAPL,94.3869,-0.010988,-7181.09,-1859717.89,-6.685,-6.585,2.115,-5.185,4.738,0.546,1.429,9.515,0.742,1.538,0.079,0.095,7.46,10.46,1.12,0.46,0.34,buy,1.0,0.041,Existing long target remained in place while the growth evidence deteriorated.
2025-08-16T18:40:00,MSFT,94.1772,-0.014991,-8695.6,-1868413.49,0.794,2.394,10.894,13.294,4.731,0.545,1.424,9.494,0.119,0.431,-0.031,-0.055,7.38,10.38,1.09,0.45,0.33,buy,1.0,0.023,The model still held the name although the alpha ranking was decaying.
2025-08-16T18:45:00,NVDA,93.9654,-0.000993,-10847.08,-1879260.57,0.772,2.372,10.872,13.272,4.724,0.544,1.418,9.472,0.737,1.524,0.079,0.095,101.29,118.29,1.07,0.44,0.32,buy,1.0,0.041,Target remained positive; realised weight diverged from the recorded target.
2025-08-16T18:50:00,JPM,94.0699,-0.002995,-7419.83,-1886680.4,0.747,2.347,10.847,13.247,4.716,0.542,1.412,9.447,0.735,1.516,0.078,0.094,7.19,10.19,10.55,5.12,2.42,buy,1.0,0.041,The decision used an older recorded fundamental snapshot.
2025-08-16T18:55:00,XOM,93.8591,-0.009998,-6598.08,-1893278.48,0.722,2.322,10.822,13.222,4.707,0.541,4.506,2.622,0.732,1.507,0.078,0.094,7.09,10.09,1.02,0.41,0.31,buy,1.0,0.041,The existing long target remained despite worsening debt-service risk.
2025-08-16T19:00:00,AAPL,93.7141,-0.011,-6865.73,-1900144.21,-6.803,-6.703,1.997,-5.303,4.699,0.54,1.399,9.397,0.73,1.499,0.078,0.094,7.01,10.01,1.0,0.4,0.3,buy,1.0,0.041,Existing long target remained in place while the growth evidence deteriorated.
2025-08-16T19:05:00,MSFT,93.3922,-0.015003,-8406.08,-1908550.29,0.671,2.271,10.771,13.171,4.69,0.539,1.393,9.371,0.107,0.39,-0.032,-0.056,7.12,10.12,1.03,0.41,0.31,buy,1.0,0.023,The model still held the name although the alpha ranking was decaying.
2025-08-16T19:10:00,NVDA,93.8923,-0.001005,-10601.67,-1919151.96,0.646,2.246,10.746,13.146,4.682,0.537,1.387,9.346,0.725,1.482,0.077,0.093,101.22,118.22,1.05,0.43,0.32,buy,1.0,0.041,Target remained positive; realised weight diverged from the recorded target.
2025-08-16T19:15:00,JPM,94.1851,-0.003008,-7234.05,-1926386.01,0.622,2.222,10.722,13.122,4.674,0.536,1.381,9.322,0.722,1.474,0.077,0.093,7.31,10.31,10.58,5.14,2.43,buy,1.0,0.041,The decision used an older recorded fundamental snapshot.
2025-08-16T19:20:00,XOM,94.5036,-0.01001,-6483.76,-1932869.77,0.6,2.2,10.7,13.1,4.667,0.535,4.475,2.5,0.72,1.467,0.077,0.093,7.4,10.4,1.1,0.45,0.33,buy,1.0,0.041,The existing long target remained despite worsening debt-service risk.
2025-08-16T19:25:00,AAPL,94.3569,-0.011012,-6830.25,-1939700.02,-6.92,-6.82,1.88,-5.42,4.66,0.534,1.37,9.28,0.718,1.46,0.077,0.093,7.48,10.48,1.12,0.46,0.34,buy,1.0,0.041,Existing long target remained in place while the growth evidence deteriorated.
2025-08-16T19:30:00,MSFT,94.2635,-0.015014,-8451.9,-1948151.92,0.562,2.162,10.662,13.062,4.654,0.533,1.365,9.262,0.096,0.354,-0.033,-0.057,7.55,10.55,1.14,0.47,0.35,buy,1.0,0.023,The model still held the name although the alpha ranking was decaying.
2025-08-16T19:35:00,NVDA,94.2934,-0.001015,-10726.17,-1958878.09,0.547,2.147,10.647,13.047,4.649,0.532,1.362,9.247,0.715,1.449,0.076,0.092,101.61,118.61,1.15,0.48,0.35,buy,1.0,0.041,Target remained positive; realised weight diverged from the recorded target.
2025-08-16T19:40:00,JPM,94.5103,-0.003017,-7429.71,-1966307.8,0.535,2.135,10.635,13.035,4.645,0.532,1.359,9.235,0.713,1.445,0.076,0.092,7.66,10.66,10.67,5.18,2.46,buy,1.0,0.041,The decision used an older recorded fundamental snapshot.
2025-08-16T19:45:00,XOM,94.7483,-0.010017,-6738.61,-1973046.41,0.526,2.126,10.626,13.026,4.642,0.531,4.457,2.426,0.713,1.442,0.076,0.092,7.69,10.69,1.17,0.49,0.36,buy,1.0,0.041,The existing long target remained despite worsening debt-service risk.
2025-08-16T19:50:00,AAPL,94.5862,-0.011018,-7128.59,-1980175.0,-6.979,-6.879,1.821,-5.479,4.64,0.531,1.355,9.221,0.712,1.44,0.076,0.092,7.71,10.71,1.18,0.49,0.36,buy,1.0,0.041,Existing long target remained in place while the growth evidence deteriorated.
2025-08-16T19:55:00,MSFT,94.3978,-0.015018,-8775.32,-1988950.32,0.52,2.12,10.62,13.02,4.64,0.531,1.355,9.22,0.092,0.34,-0.034,-0.058,7.72,10.72,1.18,0.49,0.36,buy,1.0,0.023,The model still held the name although the alpha ranking was decaying.
2025-08-16T20:00:00,NVDA,94.1149,-0.001018,-11054.64,-2000004.96,0.522,2.122,10.622,13.022,4.641,0.531,1.356,9.222,0.712,1.441,0.076,0.092,101.71,118.71,1.18,0.49,0.36,buy,1.0,0.041,Target remained positive; realised weight diverged from the recorded target.
2025-08-16T20:05:00,JPM,94.1279,-0.003017,-7742.88,-2007747.84,0.528,2.128,10.628,13.028,4.643,0.531,1.357,9.228,0.713,1.443,0.076,0.092,7.69,10.69,10.67,5.19,2.46,buy,1.0,0.041,The decision used an older recorded fundamental snapshot.
2025-08-16T20:10:00,XOM,93.9004,-0.010016,-7017.0,-2014764.84,0.538,2.138,10.638,13.038,4.646,0.532,4.459,2.438,0.714,1.446,0.076,0.092,7.65,10.65,1.16,0.48,0.35,buy,1.0,0.041,The existing long target remained despite worsening debt-service risk.
2025-08-16T20:15:00,AAPL,94.0807,-0.011015,-7354.88,-2022119.72,-6.949,-6.849,1.851,-5.449,4.65,0.533,1.363,9.251,0.715,1.45,0.077,0.093,7.6,10.6,1.15,0.47,0.35,buy,1.0,0.041,Existing long target remained in place while the growth evidence deteriorated.
2025-08-16T20:20:00,MSFT,94.218,-0.015013,-8935.37,-2031055.09,0.566,2.166,10.666,13.066,4.655,0.533,1.367,9.266,0.097,0.355,-0.033,-0.057,7.53,10.53,1.13,0.47,0.34,buy,1.0,0.023,The model still held the name although the alpha ranking was decaying.
2025-08-16T20:25:00,NVDA,94.3007,-0.001012,-11138.41,-2042193.5,0.585,2.185,10.685,13.085,4.662,0.534,1.371,9.285,0.718,1.462,0.077,0.093,101.46,118.46,1.12,0.46,0.34,buy,1.0,0.041,Target remained positive; realised weight diverged from the recorded target.
2025-08-16T20:30:00,JPM,94.3784,-0.003009,-7745.01,-2049938.51,0.606,2.206,10.706,13.106,4.669,0.535,1.376,9.306,0.721,1.469,0.077,0.093,7.38,10.38,10.59,5.15,2.43,buy,1.0,0.041,The decision used an older recorded fundamental snapshot.
2025-08-16T20:35:00,XOM,94.4047,-0.010007,-6937.2,-2056875.71,0.629,2.229,10.729,13.129,4.676,0.536,4.482,2.529,0.723,1.476,0.077,0.093,7.29,10.29,1.07,0.44,0.32,buy,1.0,0.041,The existing long target remained despite worsening debt-service risk.
2025-08-16T20:40:00,AAPL,94.1483,-0.011005,-7197.91,-2064073.62,-6.847,-6.747,1.953,-5.347,4.684,0.538,1.388,9.353,0.725,1.484,0.078,0.094,7.19,10.19,1.05,0.42,0.32,buy,1.0,0.041,Existing long target remained in place while the growth evidence deteriorated.
2025-08-16T20:45:00,MSFT,94.4952,-0.015002,-8710.77,-2072784.39,0.678,2.278,10.778,13.178,4.693,0.539,1.394,9.378,0.108,0.393,-0.032,-0.056,7.09,10.09,1.02,0.41,0.31,buy,1.0,0.023,The model still held the name although the alpha ranking was decaying.
2025-08-16T20:50:00,NVDA,94.2059,-0.001,-10859.9,-2083644.29,0.704,2.304,10.804,13.204,4.701,0.54,1.401,9.404,0.73,1.501,0.078,0.094,101.01,118.01,1.0,0.4,0.3,buy,1.0,0.041,Target remained positive; realised weight diverged from the recorded target.
2025-08-16T20:55:00,JPM,94.4052,-0.002997,-7429.65,-2091073.94,0.729,2.329,10.829,13.229,4.71,0.541,1.407,9.429,0.733,1.51,0.078,0.094,7.12,10.12,10.53,5.11,2.41,buy,1.0,0.041,The decision used an older recorded fundamental snapshot.
2025-08-16T21:00:00,XOM,95.0373,-0.009995,-6604.33,-2097678.27,0.754,2.354,10.854,13.254,4.718,0.543,4.514,2.654,0.735,1.518,0.079,0.095,7.22,10.22,1.05,0.43,0.32,buy,1.0,0.041,The existing long target remained despite worsening debt-service risk.
2025-08-16T21:05:00,AAPL,95.3397,-0.010992,-6867.95,-2104546.22,-6.722,-6.622,2.078,-5.222,4.726,0.544,1.42,9.478,0.738,1.526,0.079,0.095,7.31,10.31,1.08,0.44,0.33,buy,1.0,0.041,Existing long target remained in place while the growth evidence deteriorated.
2025-08-16T21:10:00,MSFT,95.5741,-0.01499,-8403.96,-2112950.18,0.8,2.4,10.9,13.3,4.733,0.545,1.425,9.5,0.12,0.433,-0.031,-0.055,7.4,10.4,1.1,0.45,0.33,buy,1.0,0.023,The model still held the name although the alpha ranking was decaying.
2025-08-16T21:15:00,NVDA,95.5392,-0.000988,-10595.05,-2123545.23,0.821,2.421,10.921,13.321,4.74,0.546,1.43,9.521,0.742,1.54,0.079,0.095,101.48,118.48,1.12,0.46,0.34,buy,1.0,0.041,Target remained positive; realised weight diverged from the recorded target.
2025-08-16T21:20:00,JPM,96.0554,-0.002986,-7222.98,-2130768.21,0.838,2.438,10.938,13.338,4.746,0.547,1.435,9.538,0.744,1.546,0.079,0.095,7.55,10.55,10.64,5.17,2.45,buy,1.0,0.041,The decision used an older recorded fundamental snapshot.
2025-08-16T21:25:00,XOM,95.743,-0.009985,-6468.45,-2137236.66,0.853,2.453,10.953,13.353,4.751,0.548,4.538,2.753,0.745,1.551,0.08,0.096,7.61,10.61,1.15,0.48,0.35,buy,1.0,0.041,The existing long target remained despite worsening debt-service risk.
